id,active_stations,total_stations,created_at,updated_at,last_update
90019,495,512,2015-11-20 10:30:06.408941,2015-11-20 10:30:06.408941,1448015400
90020,495,512,2015-11-20 10:40:07.608615,2015-11-20 10:40:07.608615,1448016005
90021,495,512,2015-11-20 10:50:05.47677,2015-11-20 10:50:05.47677,1448016600
90022,497,512,2015-11-20 11:00:05.805719,2015-11-20 11:00:05.805719,1448017197
90023,497,512,2015-11-20 11:10:06.425767,2015-11-20 11:10:06.425767,1448017799
90024,497,512,2015-11-20 11:20:06.804179,2015-11-20 11:20:06.804179,1448018405
90025,497,512,2015-11-20 11:30:05.899452,2015-11-20 11:30:05.899452,1448018978
90026,497,512,2015-11-20 11:40:12.299552,2015-11-20 11:40:12.299552,1448019591
90027,496,512,2015-11-20 11:50:11.505218,2015-11-20 11:50:11.505218,1448020207
90028,496,512,2015-11-20 12:00:10.936453,2015-11-20 12:00:10.936453,1448020805
90029,496,512,2015-11-20 12:10:06.064968,2015-11-20 12:10:06.064968,1448021385
90030,496,512,2015-11-20 12:20:06.322634,2015-11-20 12:20:06.322634,1448022001
90031,496,512,2015-11-20 12:30:07.027944,2015-11-20 12:30:07.027944,1448022605
90032,496,512,2015-11-20 12:40:05.707576,2015-11-20 12:40:05.707576,1448023201
90033,496,512,2015-11-20 12:50:05.930924,2015-11-20 12:50:05.930924,1448023758
90034,496,512,2015-11-20 13:00:06.12552,2015-11-20 13:00:06.12552,1448024396
90035,496,512,2015-11-20 13:10:05.408197,2015-11-20 13:10:05.408197,1448024998
90036,496,512,2015-11-20 13:20:05.330403,2015-11-20 13:20:05.330403,1448025592
90037,496,512,2015-11-20 13:30:05.327477,2015-11-20 13:30:05.327477,1448026198
90038,496,512,2015-11-20 13:40:05.892962,2015-11-20 13:40:05.892962,1448026793
90039,495,512,2015-11-20 13:50:06.17649,2015-11-20 13:50:06.17649,1448027374
90040,495,512,2015-11-20 14:00:06.05271,2015-11-20 14:00:06.05271,1448027992
90041,495,512,2015-11-20 14:10:07.333003,2015-11-20 14:10:07.333003,1448028605
90042,495,512,2015-11-20 14:20:05.348333,2015-11-20 14:20:05.348333,1448029190
90043,495,512,2015-11-20 14:30:05.4946,2015-11-20 14:30:05.4946,1448029803
90044,495,512,2015-11-20 14:40:05.978948,2015-11-20 14:40:05.978948,1448030387
90045,494,512,2015-11-20 14:50:07.497041,2015-11-20 14:50:07.497041,1448031005
90046,494,512,2015-11-20 15:00:05.527575,2015-11-20 15:00:05.527575,1448031576
90047,493,510,2015-11-20 15:10:05.984757,2015-11-20 15:10:05.984757,1448032194
90048,493,510,2015-11-20 15:20:05.318402,2015-11-20 15:20:05.318402,1448032799
90049,492,510,2015-11-20 15:30:05.823013,2015-11-20 15:30:05.823013,1448033398
90050,492,510,2015-11-20 15:40:07.916299,2015-11-20 15:40:07.916299,1448034005
90051,492,510,2015-11-20 15:50:06.054575,2015-11-20 15:50:06.054575,1448034594
90052,492,510,2015-11-20 16:00:11.438344,2015-11-20 16:00:11.438344,1448035205
90053,493,510,2015-11-20 16:10:05.872025,2015-11-20 16:10:05.872025,1448035765
90054,493,510,2015-11-20 16:20:06.536321,2015-11-20 16:20:06.536321,1448036385
90055,493,510,2015-11-20 16:30:06.00063,2015-11-20 16:30:06.00063,1448036952
90056,493,510,2015-11-20 16:40:05.326664,2015-11-20 16:40:05.326664,1448037582
90057,492,510,2015-11-20 16:50:05.349054,2015-11-20 16:50:05.349054,1448038200
90058,493,510,2015-11-20 17:00:05.584107,2015-11-20 17:00:05.584107,1448038802
90059,493,510,2015-11-20 17:10:05.786766,2015-11-20 17:10:05.786766,1448039397
90060,493,510,2015-11-20 17:20:08.563698,2015-11-20 17:20:08.563698,1448040005
90061,493,510,2015-11-20 17:30:05.664645,2015-11-20 17:30:05.664645,1448040593
90062,493,510,2015-11-20 17:40:05.466527,2015-11-20 17:40:05.466527,1448041192
90063,493,510,2015-11-20 17:50:06.363092,2015-11-20 17:50:06.363092,1448041791
90064,493,510,2015-11-20 18:00:06.382744,2015-11-20 18:00:06.382744,1448042377
90065,493,510,2015-11-20 18:10:05.408606,2015-11-20 18:10:05.408606,1448042999
90066,494,510,2015-11-20 18:20:07.290458,2015-11-20 18:20:07.290458,1448043605
90067,494,510,2015-11-20 18:30:10.297964,2015-11-20 18:30:10.297964,1448044206
90068,494,510,2015-11-20 18:40:05.782322,2015-11-20 18:40:05.782322,1448044777
90069,494,510,2015-11-20 18:50:06.447025,2015-11-20 18:50:06.447025,1448045398
90070,494,510,2015-11-20 19:00:05.251546,2015-11-20 19:00:05.251546,1448045997
90071,494,510,2015-11-20 19:10:05.864078,2015-11-20 19:10:05.864078,1448046596
90072,494,510,2015-11-20 19:20:06.7515,2015-11-20 19:20:06.7515,1448047205
90073,494,510,2015-11-20 19:30:05.543179,2015-11-20 19:30:05.543179,1448047791
90074,494,510,2015-11-20 19:40:06.063803,2015-11-20 19:40:06.063803,1448048401
90075,494,510,2015-11-20 19:50:06.098739,2015-11-20 19:50:06.098739,1448048988
90076,496,512,2015-11-20 20:00:06.384114,2015-11-20 20:00:06.384114,1448049598
90077,496,512,2015-11-20 20:10:06.021672,2015-11-20 20:10:06.021672,1448050196
90078,496,512,2015-11-20 20:20:07.572713,2015-11-20 20:20:07.572713,1448050805
90079,496,512,2015-11-20 20:30:05.960556,2015-11-20 20:30:05.960556,1448051383
90080,496,512,2015-11-20 20:40:05.953985,2015-11-20 20:40:05.953985,1448052002
90081,496,512,2015-11-20 20:50:05.808303,2015-11-20 20:50:05.808303,1448052601
90082,496,512,2015-11-20 21:00:07.039625,2015-11-20 21:00:07.039625,1448053190
90083,496,512,2015-11-20 21:10:05.356314,2015-11-20 21:10:05.356314,1448053799
90084,496,512,2015-11-20 21:20:05.499233,2015-11-20 21:20:05.499233,1448054399
90085,496,512,2015-11-20 21:30:06.863473,2015-11-20 21:30:06.863473,1448054998
90086,496,512,2015-11-20 21:40:06.384887,2015-11-20 21:40:06.384887,1448055599
90087,496,512,2015-11-20 21:50:06.010405,2015-11-20 21:50:06.010405,1448056184
90088,496,512,2015-11-20 22:00:08.648413,2015-11-20 22:00:08.648413,1448056805
90089,496,512,2015-11-20 22:10:05.289286,2015-11-20 22:10:05.289286,1448057395
90090,496,512,2015-11-20 22:20:05.578566,2015-11-20 22:20:05.578566,1448057984
90091,495,512,2015-11-20 22:30:06.116709,2015-11-20 22:30:06.116709,1448058595
90092,495,512,2015-11-20 22:40:06.127351,2015-11-20 22:40:06.127351,1448059195
90093,495,512,2015-11-20 22:50:07.559469,2015-11-20 22:50:07.559469,1448059804
90094,496,512,2015-11-20 23:00:07.059008,2015-11-20 23:00:07.059008,1448060405
90095,496,512,2015-11-20 23:10:07.68823,2015-11-20 23:10:07.68823,1448061003
90096,496,512,2015-11-20 23:20:05.608811,2015-11-20 23:20:05.608811,1448061598
90097,496,512,2015-11-20 23:30:06.405267,2015-11-20 23:30:06.405267,1448062148
90098,496,512,2015-11-20 23:40:05.83263,2015-11-20 23:40:05.83263,1448062756
90099,496,512,2015-11-20 23:50:05.481992,2015-11-20 23:50:05.481992,1448063381
90100,494,512,2015-11-21 00:00:05.379811,2015-11-21 00:00:05.379811,1448063999
90101,494,512,2015-11-21 00:10:05.435973,2015-11-21 00:10:05.435973,1448064593
90102,494,512,2015-11-21 00:20:05.840341,2015-11-21 00:20:05.840341,1448065168
90103,494,512,2015-11-21 00:30:08.922894,2015-11-21 00:30:08.922894,1448065805
90104,494,512,2015-11-21 00:40:05.505098,2015-11-21 00:40:05.505098,1448066390
90105,494,512,2015-11-21 00:50:06.784646,2015-11-21 00:50:06.784646,1448067005
90106,494,512,2015-11-21 01:00:05.768985,2015-11-21 01:00:05.768985,1448067601
90107,494,512,2015-11-21 01:10:07.576757,2015-11-21 01:10:07.576757,1448068206
90108,494,512,2015-11-21 01:20:16.88745,2015-11-21 01:20:16.88745,1448068791
90109,494,512,2015-11-21 01:30:05.77819,2015-11-21 01:30:05.77819,1448069384
90110,494,512,2015-11-21 01:40:06.51098,2015-11-21 01:40:06.51098,1448069990
90111,494,512,2015-11-21 01:50:05.506182,2015-11-21 01:50:05.506182,1448070593
90112,494,512,2015-11-21 02:00:06.239958,2015-11-21 02:00:06.239958,1448071189
90113,494,512,2015-11-21 02:10:06.552446,2015-11-21 02:10:06.552446,1448071805
90114,494,512,2015-11-21 02:20:05.53409,2015-11-21 02:20:05.53409,1448072397
90115,494,512,2015-11-21 02:30:07.733562,2015-11-21 02:30:07.733562,1448073005
90116,494,512,2015-11-21 02:40:06.034791,2015-11-21 02:40:06.034791,1448073599
90117,494,512,2015-11-21 02:50:14.988095,2015-11-21 02:50:14.988095,1448074204
90118,494,512,2015-11-21 03:00:14.211522,2015-11-21 03:00:14.211522,1448074802
90119,494,512,2015-11-21 03:10:12.024058,2015-11-21 03:10:12.024058,1448075404
90120,494,512,2015-11-21 03:20:11.770413,2015-11-21 03:20:11.770413,1448076009
90121,494,512,2015-11-21 03:30:05.617498,2015-11-21 03:30:05.617498,1448076581
90122,494,512,2015-11-21 03:40:06.460528,2015-11-21 03:40:06.460528,1448077196
90123,494,512,2015-11-21 03:50:05.543242,2015-11-21 03:50:05.543242,1448077803
90124,494,512,2015-11-21 04:00:08.555865,2015-11-21 04:00:08.555865,1448078405
90125,494,512,2015-11-21 04:10:05.63514,2015-11-21 04:10:05.63514,1448078981
90126,494,512,2015-11-21 04:20:07.055681,2015-11-21 04:20:07.055681,1448079605
90127,494,512,2015-11-21 04:30:06.134055,2015-11-21 04:30:06.134055,1448080199
90128,494,512,2015-11-21 04:40:06.442405,2015-11-21 04:40:06.442405,1448080802
90129,494,512,2015-11-21 04:50:06.326478,2015-11-21 04:50:06.326478,1448081386
90130,494,512,2015-11-21 05:00:05.782994,2015-11-21 05:00:05.782994,1448081995
90131,494,512,2015-11-21 05:10:06.066685,2015-11-21 05:10:06.066685,1448082587
90132,494,512,2015-11-21 05:20:13.610615,2015-11-21 05:20:13.610615,1448083206
90133,494,512,2015-11-21 05:30:11.420068,2015-11-21 05:30:11.420068,1448083809
90134,494,512,2015-11-21 05:40:10.893919,2015-11-21 05:40:10.893919,1448084390
90135,494,512,2015-11-21 05:50:07.781862,2015-11-21 05:50:07.781862,1448085006
90136,494,512,2015-11-21 06:00:05.945053,2015-11-21 06:00:05.945053,1448085579
90137,494,512,2015-11-21 06:10:06.307859,2015-11-21 06:10:06.307859,1448086190
90138,494,512,2015-11-21 06:20:05.37335,2015-11-21 06:20:05.37335,1448086801
90139,494,512,2015-11-21 06:30:06.02058,2015-11-21 06:30:06.02058,1448087399
90140,494,512,2015-11-21 06:40:07.660781,2015-11-21 06:40:07.660781,1448088005
90141,494,512,2015-11-21 06:50:05.452891,2015-11-21 06:50:05.452891,1448088601
90142,494,512,2015-11-21 07:00:15.813755,2015-11-21 07:00:15.813755,1448089201
90143,494,512,2015-11-21 07:10:06.474037,2015-11-21 07:10:06.474037,1448089787
90144,494,512,2015-11-21 07:20:05.893303,2015-11-21 07:20:05.893303,1448090395
90145,494,512,2015-11-21 07:30:06.936524,2015-11-21 07:30:06.936524,1448090992
90146,494,512,2015-11-21 07:40:07.268563,2015-11-21 07:40:07.268563,1448091605
90147,494,512,2015-11-21 07:50:05.821547,2015-11-21 07:50:05.821547,1448092196
90148,494,512,2015-11-21 08:00:06.052661,2015-11-21 08:00:06.052661,1448092778
90149,494,512,2015-11-21 08:10:05.845218,2015-11-21 08:10:05.845218,1448093400
90150,494,512,2015-11-21 08:20:07.792243,2015-11-21 08:20:07.792243,1448094005
90151,494,512,2015-11-21 08:30:08.385238,2015-11-21 08:30:08.385238,1448094605
90152,494,512,2015-11-21 08:40:07.657939,2015-11-21 08:40:07.657939,1448095205
90153,494,512,2015-11-21 08:50:06.023729,2015-11-21 08:50:06.023729,1448095785
90154,494,512,2015-11-21 09:00:06.70179,2015-11-21 09:00:06.70179,1448096400
90155,494,512,2015-11-21 09:10:06.016821,2015-11-21 09:10:06.016821,1448097002
90156,494,512,2015-11-21 09:20:06.807479,2015-11-21 09:20:06.807479,1448097604
90157,494,512,2015-11-21 09:30:06.470808,2015-11-21 09:30:06.470808,1448098195
90158,494,512,2015-11-21 09:40:06.333374,2015-11-21 09:40:06.333374,1448098800
90159,494,512,2015-11-21 09:50:05.317835,2015-11-21 09:50:05.317835,1448099401
90160,494,512,2015-11-21 10:00:05.942831,2015-11-21 10:00:05.942831,1448100001
90161,494,512,2015-11-21 10:10:05.313458,2015-11-21 10:10:05.313458,1448100585
90162,494,512,2015-11-21 10:20:05.410856,2015-11-21 10:20:05.410856,1448101197
90163,494,512,2015-11-21 10:30:08.941167,2015-11-21 10:30:08.941167,1448101805
90164,494,512,2015-11-21 10:40:06.484462,2015-11-21 10:40:06.484462,1448102399
90165,494,512,2015-11-21 10:50:07.281412,2015-11-21 10:50:07.281412,1448103005
90166,494,512,2015-11-21 11:00:06.051112,2015-11-21 11:00:06.051112,1448103588
90167,494,512,2015-11-21 11:10:06.502747,2015-11-21 11:10:06.502747,1448104204
90168,494,512,2015-11-21 11:20:06.218346,2015-11-21 11:20:06.218346,1448104798
90169,494,512,2015-11-21 11:30:05.320844,2015-11-21 11:30:05.320844,1448105400
90170,494,512,2015-11-21 11:40:06.65623,2015-11-21 11:40:06.65623,1448106005
90171,494,512,2015-11-21 11:50:06.670433,2015-11-21 11:50:06.670433,1448106599
90172,494,512,2015-11-21 12:00:05.838547,2015-11-21 12:00:05.838547,1448107195
90173,494,512,2015-11-21 12:10:06.413106,2015-11-21 12:10:06.413106,1448107789
90174,494,512,2015-11-21 12:20:06.020948,2015-11-21 12:20:06.020948,1448108402
90175,494,512,2015-11-21 12:30:06.722085,2015-11-21 12:30:06.722085,1448109004
90176,494,512,2015-11-21 12:40:06.408316,2015-11-21 12:40:06.408316,1448109600
90177,494,512,2015-11-21 12:50:05.619236,2015-11-21 12:50:05.619236,1448110202
90178,494,511,2015-11-21 13:00:09.334905,2015-11-21 13:00:09.334905,1448110805
90179,494,511,2015-11-21 13:10:11.844666,2015-11-21 13:10:11.844666,1448111407
90180,494,511,2015-11-21 13:20:12.977488,2015-11-21 13:20:12.977488,1448112010
90181,494,511,2015-11-21 13:30:12.347116,2015-11-21 13:30:12.347116,1448112604
90182,494,511,2015-11-21 13:40:05.956213,2015-11-21 13:40:05.956213,1448113186
90183,494,511,2015-11-21 13:50:07.297962,2015-11-21 13:50:07.297962,1448113805
90184,494,511,2015-11-21 14:00:05.227891,2015-11-21 14:00:05.227891,1448114399
90185,494,511,2015-11-21 14:10:05.364026,2015-11-21 14:10:05.364026,1448114998
90186,494,511,2015-11-21 14:20:05.92725,2015-11-21 14:20:05.92725,1448115598
90187,494,511,2015-11-21 14:30:07.041866,2015-11-21 14:30:07.041866,1448116205
90188,494,511,2015-11-21 14:40:06.252732,2015-11-21 14:40:06.252732,1448116802
90189,494,511,2015-11-21 14:50:05.863153,2015-11-21 14:50:05.863153,1448117401
90190,494,511,2015-11-21 15:00:06.796304,2015-11-21 15:00:06.796304,1448117987
90191,494,511,2015-11-21 15:10:07.13975,2015-11-21 15:10:07.13975,1448118605
90192,494,511,2015-11-21 15:20:07.415896,2015-11-21 15:20:07.415896,1448119206
90193,494,511,2015-11-21 15:30:07.716831,2015-11-21 15:30:07.716831,1448119805
90194,494,511,2015-11-21 15:40:05.586684,2015-11-21 15:40:05.586684,1448120378
90195,494,511,2015-11-21 15:50:05.754196,2015-11-21 15:50:05.754196,1448120976
90196,494,511,2015-11-21 16:00:05.982353,2015-11-21 16:00:05.982353,1448121587
90197,494,511,2015-11-21 16:10:07.681728,2015-11-21 16:10:07.681728,1448122205
90198,494,511,2015-11-21 16:20:06.774034,2015-11-21 16:20:06.774034,1448122805
90199,494,511,2015-11-21 16:30:06.221682,2015-11-21 16:30:06.221682,1448123379
90200,494,511,2015-11-21 16:40:05.998325,2015-11-21 16:40:05.998325,1448123985
90201,494,511,2015-11-21 16:50:06.375788,2015-11-21 16:50:06.375788,1448124595
90202,494,511,2015-11-21 17:00:05.911243,2015-11-21 17:00:05.911243,1448125202
90203,494,511,2015-11-21 17:10:06.404324,2015-11-21 17:10:06.404324,1448125799
90204,494,511,2015-11-21 17:20:05.993374,2015-11-21 17:20:05.993374,1448126387
90205,494,511,2015-11-21 17:30:06.644478,2015-11-21 17:30:06.644478,1448126996
90206,494,511,2015-11-21 17:40:06.331662,2015-11-21 17:40:06.331662,1448127602
90207,494,511,2015-11-21 17:50:05.999086,2015-11-21 17:50:05.999086,1448128200
90208,494,511,2015-11-21 18:00:06.823981,2015-11-21 18:00:06.823981,1448128777
90209,494,511,2015-11-21 18:10:06.296158,2015-11-21 18:10:06.296158,1448129384
90210,494,511,2015-11-21 18:20:05.298383,2015-11-21 18:20:05.298383,1448129982
90211,494,511,2015-11-21 18:30:08.23476,2015-11-21 18:30:08.23476,1448130605
90212,494,511,2015-11-21 18:40:06.330426,2015-11-21 18:40:06.330426,1448131202
90213,494,511,2015-11-21 18:50:05.488698,2015-11-21 18:50:05.488698,1448131799
90214,494,511,2015-11-21 19:00:06.261085,2015-11-21 19:00:06.261085,1448132401
90215,494,511,2015-11-21 19:10:06.836831,2015-11-21 19:10:06.836831,1448133005
90216,494,511,2015-11-21 19:20:06.093198,2015-11-21 19:20:06.093198,1448133581
90217,494,511,2015-11-21 19:30:06.33291,2015-11-21 19:30:06.33291,1448134189
90218,494,511,2015-11-21 19:40:05.467833,2015-11-21 19:40:05.467833,1448134802
90219,494,511,2015-11-21 19:50:06.477478,2015-11-21 19:50:06.477478,1448135400
90220,494,511,2015-11-21 20:00:07.826038,2015-11-21 20:00:07.826038,1448136005
90221,494,511,2015-11-21 20:10:06.123074,2015-11-21 20:10:06.123074,1448136551
90222,494,511,2015-11-21 20:20:06.057725,2015-11-21 20:20:06.057725,1448137192
90223,494,511,2015-11-21 20:30:05.829377,2015-11-21 20:30:05.829377,1448137792
90224,494,511,2015-11-21 20:40:06.534478,2015-11-21 20:40:06.534478,1448138355
90225,494,511,2015-11-21 20:50:06.229584,2015-11-21 20:50:06.229584,1448139000
90226,494,511,2015-11-21 21:00:05.464975,2015-11-21 21:00:05.464975,1448139587
90227,494,511,2015-11-21 21:10:05.367333,2015-11-21 21:10:05.367333,1448140196
90228,494,511,2015-11-21 21:20:06.244838,2015-11-21 21:20:06.244838,1448140794
90229,494,511,2015-11-21 21:30:05.107976,2015-11-21 21:30:05.107976,1448141394
90230,494,511,2015-11-21 21:50:05.912616,2015-11-21 21:50:05.912616,1448142591
90231,494,511,2015-11-21 22:00:06.369149,2015-11-21 22:00:06.369149,1448143177
90232,494,511,2015-11-21 22:10:05.608642,2015-11-21 22:10:05.608642,1448143788
90233,494,511,2015-11-21 22:20:07.404528,2015-11-21 22:20:07.404528,1448144406
90234,494,511,2015-11-21 22:30:05.674059,2015-11-21 22:30:05.674059,1448144994
90235,494,511,2015-11-21 22:40:05.441991,2015-11-21 22:40:05.441991,1448145595
90236,494,511,2015-11-21 22:50:05.651673,2015-11-21 22:50:05.651673,1448146203
90237,494,511,2015-11-21 23:00:06.464766,2015-11-21 23:00:06.464766,1448146789
90238,494,511,2015-11-21 23:10:05.562945,2015-11-21 23:10:05.562945,1448147399
90239,494,511,2015-11-21 23:20:05.921463,2015-11-21 23:20:05.921463,1448147996
90240,494,511,2015-11-21 23:30:07.185423,2015-11-21 23:30:07.185423,1448148605
90241,494,511,2015-11-21 23:40:05.849167,2015-11-21 23:40:05.849167,1448149202
90242,494,511,2015-11-21 23:50:05.996259,2015-11-21 23:50:05.996259,1448149802
90243,494,511,2015-11-22 00:00:06.175001,2015-11-22 00:00:06.175001,1448150400
90244,494,511,2015-11-22 00:10:05.231103,2015-11-22 00:10:05.231103,1448150976
90245,494,511,2015-11-22 00:30:05.881056,2015-11-22 00:30:05.881056,1448152204
90246,494,511,2015-11-22 00:40:05.588929,2015-11-22 00:40:05.588929,1448152803
90247,494,511,2015-11-22 00:50:05.884688,2015-11-22 00:50:05.884688,1448153401
90248,494,511,2015-11-22 01:00:06.536104,2015-11-22 01:00:06.536104,1448153988
90249,494,511,2015-11-22 01:10:05.761451,2015-11-22 01:10:05.761451,1448154599
90250,494,511,2015-11-22 01:20:07.634625,2015-11-22 01:20:07.634625,1448155183
90251,494,511,2015-11-22 01:30:05.993297,2015-11-22 01:30:05.993297,1448155781
90252,494,511,2015-11-22 01:40:05.830792,2015-11-22 01:40:05.830792,1448156403
90253,494,511,2015-11-22 01:50:06.200212,2015-11-22 01:50:06.200212,1448156998
90254,494,511,2015-11-22 02:00:05.559251,2015-11-22 02:00:05.559251,1448157567
90255,494,511,2015-11-22 02:10:05.393478,2015-11-22 02:10:05.393478,1448158203
90256,494,511,2015-11-22 02:20:05.256159,2015-11-22 02:20:05.256159,1448158801
90257,494,511,2015-11-22 02:30:05.693874,2015-11-22 02:30:05.693874,1448159399
90258,494,511,2015-11-22 02:40:07.303592,2015-11-22 02:40:07.303592,1448160005
90259,494,511,2015-11-22 02:50:07.058075,2015-11-22 02:50:07.058075,1448160605
90260,494,511,2015-11-22 03:00:06.022443,2015-11-22 03:00:06.022443,1448161194
90261,494,511,2015-11-22 03:10:05.930439,2015-11-22 03:10:05.930439,1448161790
90262,494,511,2015-11-22 03:20:06.094634,2015-11-22 03:20:06.094634,1448162400
90263,494,511,2015-11-22 03:30:11.748439,2015-11-22 03:30:11.748439,1448163010
90264,494,511,2015-11-22 03:40:09.852708,2015-11-22 03:40:09.852708,1448163605
90265,494,511,2015-11-22 03:50:08.624418,2015-11-22 03:50:08.624418,1448164206
90266,494,511,2015-11-22 04:00:05.675301,2015-11-22 04:00:05.675301,1448164800
90267,494,511,2015-11-22 04:10:05.318477,2015-11-22 04:10:05.318477,1448165401
90268,494,511,2015-11-22 04:30:05.661949,2015-11-22 04:30:05.661949,1448166576
90269,494,511,2015-11-22 04:40:05.656291,2015-11-22 04:40:05.656291,1448167186
90270,494,511,2015-11-22 04:50:07.143482,2015-11-22 04:50:07.143482,1448167805
90271,494,511,2015-11-22 05:00:05.995114,2015-11-22 05:00:05.995114,1448168392
90272,494,511,2015-11-22 05:10:05.663333,2015-11-22 05:10:05.663333,1448168997
90273,494,511,2015-11-22 05:20:05.241485,2015-11-22 05:20:05.241485,1448169590
90274,494,511,2015-11-22 05:30:07.178582,2015-11-22 05:30:07.178582,1448170205
90275,494,511,2015-11-22 05:40:05.973022,2015-11-22 05:40:05.973022,1448170798
90276,494,511,2015-11-22 05:50:06.075651,2015-11-22 05:50:06.075651,1448171404
90277,494,511,2015-11-22 06:00:06.111527,2015-11-22 06:00:06.111527,1448172000
90278,494,511,2015-11-22 06:10:05.581762,2015-11-22 06:10:05.581762,1448172598
90279,494,511,2015-11-22 06:20:06.594912,2015-11-22 06:20:06.594912,1448173205
90280,494,511,2015-11-22 06:30:05.883505,2015-11-22 06:30:05.883505,1448173801
90281,494,511,2015-11-22 06:40:05.404525,2015-11-22 06:40:05.404525,1448174387
90282,494,511,2015-11-22 06:50:06.453613,2015-11-22 06:50:06.453613,1448175005
90283,494,511,2015-11-22 07:00:05.380932,2015-11-22 07:00:05.380932,1448175598
90284,494,511,2015-11-22 07:10:05.168443,2015-11-22 07:10:05.168443,1448176201
90285,494,511,2015-11-22 07:20:05.736695,2015-11-22 07:20:05.736695,1448176799
90286,494,511,2015-11-22 07:30:05.823734,2015-11-22 07:30:05.823734,1448177399
90287,494,511,2015-11-22 07:40:05.508375,2015-11-22 07:40:05.508375,1448178002
90288,494,511,2015-11-22 07:50:06.604495,2015-11-22 07:50:06.604495,1448178605
90289,494,511,2015-11-22 08:00:08.56758,2015-11-22 08:00:08.56758,1448179205
90290,494,511,2015-11-22 08:10:05.507067,2015-11-22 08:10:05.507067,1448179788
90291,494,511,2015-11-22 08:20:05.150332,2015-11-22 08:20:05.150332,1448180401
90292,494,511,2015-11-22 08:30:07.29883,2015-11-22 08:30:07.29883,1448181005
90293,494,511,2015-11-22 08:40:05.024354,2015-11-22 08:40:05.024354,1448181602
90294,494,511,2015-11-22 08:50:06.046471,2015-11-22 08:50:06.046471,1448182199
90295,494,511,2015-11-22 09:00:06.89888,2015-11-22 09:00:06.89888,1448182805
90296,494,511,2015-11-22 09:10:05.694001,2015-11-22 09:10:05.694001,1448183402
90297,494,511,2015-11-22 09:20:06.089935,2015-11-22 09:20:06.089935,1448183989
90298,494,511,2015-11-22 09:30:07.501955,2015-11-22 09:30:07.501955,1448184605
90299,494,511,2015-11-22 09:40:06.462291,2015-11-22 09:40:06.462291,1448185205
90300,494,511,2015-11-22 09:50:05.268774,2015-11-22 09:50:05.268774,1448185790
90301,494,511,2015-11-22 10:00:07.365208,2015-11-22 10:00:07.365208,1448186405
90302,494,511,2015-11-22 10:10:05.416335,2015-11-22 10:10:05.416335,1448186998
90303,494,511,2015-11-22 10:20:05.183841,2015-11-22 10:20:05.183841,1448187602
90304,494,511,2015-11-22 10:30:07.948301,2015-11-22 10:30:07.948301,1448188205
90305,494,511,2015-11-22 10:40:05.499577,2015-11-22 10:40:05.499577,1448188802
90306,494,511,2015-11-22 10:50:05.379254,2015-11-22 10:50:05.379254,1448189402
90307,494,511,2015-11-22 11:00:05.988271,2015-11-22 11:00:05.988271,1448190000
90308,494,511,2015-11-22 11:10:06.584529,2015-11-22 11:10:06.584529,1448190600
90309,494,511,2015-11-22 11:20:05.954637,2015-11-22 11:20:05.954637,1448191197
90310,494,511,2015-11-22 11:30:07.562853,2015-11-22 11:30:07.562853,1448191806
90311,494,511,2015-11-22 11:40:06.937993,2015-11-22 11:40:06.937993,1448192405
90312,494,511,2015-11-22 11:50:06.047346,2015-11-22 11:50:06.047346,1448193001
90313,494,511,2015-11-22 12:00:05.854078,2015-11-22 12:00:05.854078,1448193598
90314,494,511,2015-11-22 12:10:06.137635,2015-11-22 12:10:06.137635,1448194196
90315,494,511,2015-11-22 12:20:06.97381,2015-11-22 12:20:06.97381,1448194805
90316,494,511,2015-11-22 12:30:05.88508,2015-11-22 12:30:05.88508,1448195402
90317,494,511,2015-11-22 12:40:06.241332,2015-11-22 12:40:06.241332,1448195999
90318,494,511,2015-11-22 12:50:07.471429,2015-11-22 12:50:07.471429,1448196606
90319,494,511,2015-11-22 13:00:08.252481,2015-11-22 13:00:08.252481,1448197205
90320,494,511,2015-11-22 13:10:05.70775,2015-11-22 13:10:05.70775,1448197780
90321,494,511,2015-11-22 13:20:06.22033,2015-11-22 13:20:06.22033,1448198374
90322,494,511,2015-11-22 13:30:07.387909,2015-11-22 13:30:07.387909,1448199005
90323,494,511,2015-11-22 13:40:05.491682,2015-11-22 13:40:05.491682,1448199599
90324,494,511,2015-11-22 13:50:05.991548,2015-11-22 13:50:05.991548,1448200195
90325,494,511,2015-11-22 14:00:07.062315,2015-11-22 14:00:07.062315,1448200805
90326,494,511,2015-11-22 14:10:05.686699,2015-11-22 14:10:05.686699,1448201402
90327,494,511,2015-11-22 14:20:06.199464,2015-11-22 14:20:06.199464,1448201985
90328,494,511,2015-11-22 14:30:07.046223,2015-11-22 14:30:07.046223,1448202605
90329,494,511,2015-11-22 14:40:05.179462,2015-11-22 14:40:05.179462,1448203191
90330,494,511,2015-11-22 14:50:05.866855,2015-11-22 14:50:05.866855,1448203799
90331,494,511,2015-11-22 15:00:07.258182,2015-11-22 15:00:07.258182,1448204405
90332,494,511,2015-11-22 15:10:06.438817,2015-11-22 15:10:06.438817,1448204980
90333,494,511,2015-11-22 15:20:05.188106,2015-11-22 15:20:05.188106,1448205602
90334,494,511,2015-11-22 15:30:05.754053,2015-11-22 15:30:05.754053,1448206196
90335,494,511,2015-11-22 15:40:08.02862,2015-11-22 15:40:08.02862,1448206805
90336,494,511,2015-11-22 15:50:05.249426,2015-11-22 15:50:05.249426,1448207382
90337,494,511,2015-11-22 16:00:05.163469,2015-11-22 16:00:05.163469,1448207993
90338,494,511,2015-11-22 16:10:05.784981,2015-11-22 16:10:05.784981,1448208600
90339,494,511,2015-11-22 16:20:05.614391,2015-11-22 16:20:05.614391,1448209197
90340,494,511,2015-11-22 16:30:06.341021,2015-11-22 16:30:06.341021,1448209797
90341,494,511,2015-11-22 16:40:06.935867,2015-11-22 16:40:06.935867,1448210405
90342,494,511,2015-11-22 16:50:05.634563,2015-11-22 16:50:05.634563,1448210970
90343,494,511,2015-11-22 17:00:05.554949,2015-11-22 17:00:05.554949,1448211601
90344,494,511,2015-11-22 17:10:06.06312,2015-11-22 17:10:06.06312,1448212201
90345,494,511,2015-11-22 17:20:06.038635,2015-11-22 17:20:06.038635,1448212785
90346,494,511,2015-11-22 17:30:07.912112,2015-11-22 17:30:07.912112,1448213406
90347,494,511,2015-11-22 17:40:05.885752,2015-11-22 17:40:05.885752,1448214004
90348,494,511,2015-11-22 17:50:06.05819,2015-11-22 17:50:06.05819,1448214601
90349,494,511,2015-11-22 18:00:05.837228,2015-11-22 18:00:05.837228,1448215199
90350,494,511,2015-11-22 18:10:06.03782,2015-11-22 18:10:06.03782,1448215797
90351,494,511,2015-11-22 18:20:07.324073,2015-11-22 18:20:07.324073,1448216405
90352,494,511,2015-11-22 18:30:06.052093,2015-11-22 18:30:06.052093,1448217000
90353,494,511,2015-11-22 18:40:06.000814,2015-11-22 18:40:06.000814,1448217598
90354,494,511,2015-11-22 18:50:06.509057,2015-11-22 18:50:06.509057,1448218186
90355,494,511,2015-11-22 19:00:05.761373,2015-11-22 19:00:05.761373,1448218773
90356,494,511,2015-11-22 19:10:07.176585,2015-11-22 19:10:07.176585,1448219405
90357,494,511,2015-11-22 19:20:06.06803,2015-11-22 19:20:06.06803,1448220002
90358,494,511,2015-11-22 19:30:06.088628,2015-11-22 19:30:06.088628,1448220556
90359,494,511,2015-11-22 19:40:05.857842,2015-11-22 19:40:05.857842,1448221198
90360,494,511,2015-11-22 19:50:07.212428,2015-11-22 19:50:07.212428,1448221775
90361,494,511,2015-11-22 20:00:05.265101,2015-11-22 20:00:05.265101,1448222384
90362,494,511,2015-11-22 20:10:05.421731,2015-11-22 20:10:05.421731,1448222994
90363,494,511,2015-11-22 20:20:05.581327,2015-11-22 20:20:05.581327,1448223601
90364,494,511,2015-11-22 20:30:05.740946,2015-11-22 20:30:05.740946,1448224179
90365,494,511,2015-11-22 20:40:06.153452,2015-11-22 20:40:06.153452,1448224787
90366,494,511,2015-11-22 20:50:05.279414,2015-11-22 20:50:05.279414,1448225353
90367,494,511,2015-11-22 21:00:05.311139,2015-11-22 21:00:05.311139,1448225986
90368,494,511,2015-11-22 21:10:05.352179,2015-11-22 21:10:05.352179,1448226584
90369,494,511,2015-11-22 21:20:05.33158,2015-11-22 21:20:05.33158,1448227191
90370,494,511,2015-11-22 21:30:06.054459,2015-11-22 21:30:06.054459,1448227791
90371,494,511,2015-11-22 21:40:05.442985,2015-11-22 21:40:05.442985,1448228400
90372,494,511,2015-11-22 21:50:05.174483,2015-11-22 21:50:05.174483,1448229001
90373,494,511,2015-11-22 22:00:06.02197,2015-11-22 22:00:06.02197,1448229597
90374,494,511,2015-11-22 22:10:05.145692,2015-11-22 22:10:05.145692,1448230175
90375,494,511,2015-11-22 22:20:05.849994,2015-11-22 22:20:05.849994,1448230792
90376,494,511,2015-11-22 22:30:05.364293,2015-11-22 22:30:05.364293,1448231392
90377,494,511,2015-11-22 22:40:05.669152,2015-11-22 22:40:05.669152,1448231978
90378,494,511,2015-11-22 22:50:06.253616,2015-11-22 22:50:06.253616,1448232600
90379,494,511,2015-11-22 23:00:05.204367,2015-11-22 23:00:05.204367,1448233198
90380,494,511,2015-11-22 23:10:05.30093,2015-11-22 23:10:05.30093,1448233781
90381,494,511,2015-11-22 23:20:05.256432,2015-11-22 23:20:05.256432,1448234402
90382,494,511,2015-11-22 23:30:06.217144,2015-11-22 23:30:06.217144,1448234999
90383,494,511,2015-11-22 23:40:05.268045,2015-11-22 23:40:05.268045,1448235599
90384,494,511,2015-11-22 23:50:06.64844,2015-11-22 23:50:06.64844,1448236205
90385,494,511,2015-11-23 00:00:08.613078,2015-11-23 00:00:08.613078,1448236806
90386,494,511,2015-11-23 00:10:05.795713,2015-11-23 00:10:05.795713,1448237401
90387,494,511,2015-11-23 00:20:06.167233,2015-11-23 00:20:06.167233,1448238001
90388,494,511,2015-11-23 00:30:05.515688,2015-11-23 00:30:05.515688,1448238596
90389,494,511,2015-11-23 00:40:06.751351,2015-11-23 00:40:06.751351,1448239205
90390,494,511,2015-11-23 00:50:06.759124,2015-11-23 00:50:06.759124,1448239805
90391,494,511,2015-11-23 01:00:05.470638,2015-11-23 01:00:05.470638,1448240390
90392,494,511,2015-11-23 01:10:05.098388,2015-11-23 01:10:05.098388,1448240975
90393,494,511,2015-11-23 01:20:05.764779,2015-11-23 01:20:05.764779,1448241590
90394,494,511,2015-11-23 01:30:06.906983,2015-11-23 01:30:06.906983,1448242205
90395,494,511,2015-11-23 01:40:07.174921,2015-11-23 01:40:07.174921,1448242805
90396,494,511,2015-11-23 01:50:05.431389,2015-11-23 01:50:05.431389,1448243402
90397,494,511,2015-11-23 02:00:05.560717,2015-11-23 02:00:05.560717,1448244000
90398,494,511,2015-11-23 02:10:05.894346,2015-11-23 02:10:05.894346,1448244586
90399,494,511,2015-11-23 02:20:05.749222,2015-11-23 02:20:05.749222,1448245194
90400,494,511,2015-11-23 02:30:07.485202,2015-11-23 02:30:07.485202,1448245805
90401,494,511,2015-11-23 02:40:05.204799,2015-11-23 02:40:05.204799,1448246401
90402,494,511,2015-11-23 02:50:05.884646,2015-11-23 02:50:05.884646,1448246969
90403,494,511,2015-11-23 03:00:06.220785,2015-11-23 03:00:06.220785,1448247587
90404,494,511,2015-11-23 03:10:05.180125,2015-11-23 03:10:05.180125,1448248198
90405,494,511,2015-11-23 03:20:08.398063,2015-11-23 03:20:08.398063,1448248806
90406,494,511,2015-11-23 03:30:06.735515,2015-11-23 03:30:06.735515,1448249405
90407,494,511,2015-11-23 03:40:05.986873,2015-11-23 03:40:05.986873,1448249982
90408,494,511,2015-11-23 03:50:06.701054,2015-11-23 03:50:06.701054,1448250593
90409,494,511,2015-11-23 04:00:06.078839,2015-11-23 04:00:06.078839,1448251197
90410,494,511,2015-11-23 04:10:07.452515,2015-11-23 04:10:07.452515,1448251806
90411,494,511,2015-11-23 04:20:07.11276,2015-11-23 04:20:07.11276,1448252405
90412,494,511,2015-11-23 04:30:05.788301,2015-11-23 04:30:05.788301,1448252990
90413,494,511,2015-11-23 04:40:05.875785,2015-11-23 04:40:05.875785,1448253601
90414,494,511,2015-11-23 04:50:05.947106,2015-11-23 04:50:05.947106,1448254197
90415,494,511,2015-11-23 05:00:07.04959,2015-11-23 05:00:07.04959,1448254805
90416,494,511,2015-11-23 05:10:05.055992,2015-11-23 05:10:05.055992,1448255399
90417,494,511,2015-11-23 05:20:06.231916,2015-11-23 05:20:06.231916,1448255994
90418,494,511,2015-11-23 05:30:05.644005,2015-11-23 05:30:05.644005,1448256596
90419,494,511,2015-11-23 05:40:05.356348,2015-11-23 05:40:05.356348,1448257183
90420,494,511,2015-11-23 05:50:05.559026,2015-11-23 05:50:05.559026,1448257788
90421,494,511,2015-11-23 06:00:05.822672,2015-11-23 06:00:05.822672,1448258390
90422,494,511,2015-11-23 06:10:05.731708,2015-11-23 06:10:05.731708,1448258983
90423,494,511,2015-11-23 06:20:07.004914,2015-11-23 06:20:07.004914,1448259605
90424,494,511,2015-11-23 06:30:05.826987,2015-11-23 06:30:05.826987,1448260202
90425,494,511,2015-11-23 06:40:06.361431,2015-11-23 06:40:06.361431,1448260788
90426,494,511,2015-11-23 06:50:05.698251,2015-11-23 06:50:05.698251,1448261393
90427,494,511,2015-11-23 07:00:05.322431,2015-11-23 07:00:05.322431,1448261998
90428,494,511,2015-11-23 07:10:05.419305,2015-11-23 07:10:05.419305,1448262582
90429,494,511,2015-11-23 07:20:05.739164,2015-11-23 07:20:05.739164,1448263183
90430,494,511,2015-11-23 07:30:05.398191,2015-11-23 07:30:05.398191,1448263785
90431,494,511,2015-11-23 07:40:05.183034,2015-11-23 07:40:05.183034,1448264387
90432,494,511,2015-11-23 07:50:05.690487,2015-11-23 07:50:05.690487,1448265001
90433,494,511,2015-11-23 08:00:08.964709,2015-11-23 08:00:08.964709,1448265605
90434,494,511,2015-11-23 08:10:05.810031,2015-11-23 08:10:05.810031,1448266180
90435,494,511,2015-11-23 08:20:08.383091,2015-11-23 08:20:08.383091,1448266805
90436,494,511,2015-11-23 08:30:05.444735,2015-11-23 08:30:05.444735,1448267401
90437,494,511,2015-11-23 08:40:05.838401,2015-11-23 08:40:05.838401,1448268003
90438,494,511,2015-11-23 08:50:05.904736,2015-11-23 08:50:05.904736,1448268600
90439,494,511,2015-11-23 09:00:05.933335,2015-11-23 09:00:05.933335,1448269201
90440,494,511,2015-11-23 09:10:07.236743,2015-11-23 09:10:07.236743,1448269805
90441,494,511,2015-11-23 09:20:05.591908,2015-11-23 09:20:05.591908,1448270398
90442,494,511,2015-11-23 09:30:05.760514,2015-11-23 09:30:05.760514,1448270999
90443,494,511,2015-11-23 09:40:05.56021,2015-11-23 09:40:05.56021,1448271603
90444,494,511,2015-11-23 09:50:06.03689,2015-11-23 09:50:06.03689,1448272198
90445,494,511,2015-11-23 10:00:06.435353,2015-11-23 10:00:06.435353,1448272780
90446,494,511,2015-11-23 10:10:07.14435,2015-11-23 10:10:07.14435,1448273379
90447,494,511,2015-11-23 10:20:07.274935,2015-11-23 10:20:07.274935,1448274005
90448,494,511,2015-11-23 10:30:05.581814,2015-11-23 10:30:05.581814,1448274594
90449,494,511,2015-11-23 10:40:07.121296,2015-11-23 10:40:07.121296,1448275205
90450,494,511,2015-11-23 10:50:06.222929,2015-11-23 10:50:06.222929,1448275789
90451,496,511,2015-11-23 11:00:07.33894,2015-11-23 11:00:07.33894,1448276405
90452,496,511,2015-11-23 11:10:06.874568,2015-11-23 11:10:06.874568,1448277005
90453,496,511,2015-11-23 11:20:07.208998,2015-11-23 11:20:07.208998,1448277605
90454,496,511,2015-11-23 11:30:05.708788,2015-11-23 11:30:05.708788,1448278200
90455,496,511,2015-11-23 11:40:05.184918,2015-11-23 11:40:05.184918,1448278797
90456,496,511,2015-11-23 11:50:06.133087,2015-11-23 11:50:06.133087,1448279395
90457,496,511,2015-11-23 12:00:08.10791,2015-11-23 12:00:08.10791,1448280003
90458,496,511,2015-11-23 12:10:05.516175,2015-11-23 12:10:05.516175,1448280593
90459,496,511,2015-11-23 12:20:05.815013,2015-11-23 12:20:05.815013,1448281180
90460,496,511,2015-11-23 12:30:05.626622,2015-11-23 12:30:05.626622,1448281767
90461,496,511,2015-11-23 12:40:09.13685,2015-11-23 12:40:09.13685,1448282406
90462,496,511,2015-11-23 12:50:09.225494,2015-11-23 12:50:09.225494,1448283004
90463,496,511,2015-11-23 13:00:10.411385,2015-11-23 13:00:10.411385,1448283600
90464,496,511,2015-11-23 13:10:06.167827,2015-11-23 13:10:06.167827,1448284184
90465,496,511,2015-11-23 13:20:06.299103,2015-11-23 13:20:06.299103,1448284796
90466,496,511,2015-11-23 13:30:05.746384,2015-11-23 13:30:05.746384,1448285380
90467,496,511,2015-11-23 13:40:05.64153,2015-11-23 13:40:05.64153,1448285981
90468,496,511,2015-11-23 13:50:05.869757,2015-11-23 13:50:05.869757,1448286598
90469,496,511,2015-11-23 14:00:05.637709,2015-11-23 14:00:05.637709,1448287186
90470,496,511,2015-11-23 14:10:06.082423,2015-11-23 14:10:06.082423,1448287797
90471,496,511,2015-11-23 14:20:05.992674,2015-11-23 14:20:05.992674,1448288401
90472,496,511,2015-11-23 14:30:06.531148,2015-11-23 14:30:06.531148,1448288981
90473,496,511,2015-11-23 14:40:05.752088,2015-11-23 14:40:05.752088,1448289599
90474,496,511,2015-11-23 14:50:05.974854,2015-11-23 14:50:05.974854,1448290163
90475,496,511,2015-11-23 15:00:05.78213,2015-11-23 15:00:05.78213,1448290772
90476,494,511,2015-11-23 15:10:05.56008,2015-11-23 15:10:05.56008,1448291402
90477,494,511,2015-11-23 15:20:05.910581,2015-11-23 15:20:05.910581,1448291959
90478,494,511,2015-11-23 15:30:06.133804,2015-11-23 15:30:06.133804,1448292600
90479,494,511,2015-11-23 15:40:06.361965,2015-11-23 15:40:06.361965,1448293181
90480,494,511,2015-11-23 15:50:05.255113,2015-11-23 15:50:05.255113,1448293773
90481,494,511,2015-11-23 16:00:05.257406,2015-11-23 16:00:05.257406,1448294398
90482,494,511,2015-11-23 16:10:05.56916,2015-11-23 16:10:05.56916,1448294999
90483,494,511,2015-11-23 16:20:05.479872,2015-11-23 16:20:05.479872,1448295587
90484,493,511,2015-11-23 16:30:05.473036,2015-11-23 16:30:05.473036,1448296196
90485,493,511,2015-11-23 16:40:06.319585,2015-11-23 16:40:06.319585,1448296796
90486,493,511,2015-11-23 16:50:07.121801,2015-11-23 16:50:07.121801,1448297405
90487,493,511,2015-11-23 17:00:06.038694,2015-11-23 17:00:06.038694,1448297997
90488,493,511,2015-11-23 17:10:05.284107,2015-11-23 17:10:05.284107,1448298561
90489,494,511,2015-11-23 17:20:06.266252,2015-11-23 17:20:06.266252,1448299198
90490,494,511,2015-11-23 17:30:05.438208,2015-11-23 17:30:05.438208,1448299796
90491,494,511,2015-11-23 17:40:06.051747,2015-11-23 17:40:06.051747,1448300364
90492,493,511,2015-11-23 17:50:05.386922,2015-11-23 17:50:05.386922,1448300988
90493,493,511,2015-11-23 18:00:05.796293,2015-11-23 18:00:05.796293,1448301597
90494,493,511,2015-11-23 18:10:05.818131,2015-11-23 18:10:05.818131,1448302199
90495,493,511,2015-11-23 18:20:05.564453,2015-11-23 18:20:05.564453,1448302797
90496,494,511,2015-11-23 18:30:05.427598,2015-11-23 18:30:05.427598,1448303397
90497,494,511,2015-11-23 18:40:11.187042,2015-11-23 18:40:11.187042,1448303986
90498,494,511,2015-11-23 18:50:10.457959,2015-11-23 18:50:10.457959,1448304607
90499,494,511,2015-11-23 19:00:10.889897,2015-11-23 19:00:10.889897,1448305174
90500,494,511,2015-11-23 19:10:07.737285,2015-11-23 19:10:07.737285,1448305805
90501,494,511,2015-11-23 19:20:05.677467,2015-11-23 19:20:05.677467,1448306386
90502,494,511,2015-11-23 19:30:06.032522,2015-11-23 19:30:06.032522,1448306979
90503,494,511,2015-11-23 19:40:05.072061,2015-11-23 19:40:05.072061,1448307589
90504,494,511,2015-11-23 19:50:05.785506,2015-11-23 19:50:05.785506,1448308201
90505,495,511,2015-11-23 20:00:05.502714,2015-11-23 20:00:05.502714,1448308798
90506,495,511,2015-11-23 20:10:05.274981,2015-11-23 20:10:05.274981,1448309389
90507,496,511,2015-11-23 20:20:05.911267,2015-11-23 20:20:05.911267,1448309997
90508,496,511,2015-11-23 20:30:10.824276,2015-11-23 20:30:10.824276,1448310601
90509,496,511,2015-11-23 20:40:11.125084,2015-11-23 20:40:11.125084,1448311195
90510,496,511,2015-11-23 20:50:10.555861,2015-11-23 20:50:10.555861,1448311797
90511,496,511,2015-11-23 21:00:05.709197,2015-11-23 21:00:05.709197,1448312383
90512,496,511,2015-11-23 21:10:05.615353,2015-11-23 21:10:05.615353,1448312959
90513,496,511,2015-11-23 21:20:05.386748,2015-11-23 21:20:05.386748,1448313581
90514,496,511,2015-11-23 21:30:09.042472,2015-11-23 21:30:09.042472,1448314205
90515,496,511,2015-11-23 21:40:05.929008,2015-11-23 21:40:05.929008,1448314799
90516,496,511,2015-11-23 21:50:05.636517,2015-11-23 21:50:05.636517,1448315376
90517,496,511,2015-11-23 22:00:05.990057,2015-11-23 22:00:05.990057,1448316000
90518,496,511,2015-11-23 22:10:06.078664,2015-11-23 22:10:06.078664,1448316597
90519,496,511,2015-11-23 22:20:06.946763,2015-11-23 22:20:06.946763,1448317205
90520,496,511,2015-11-23 22:30:07.454199,2015-11-23 22:30:07.454199,1448317805
90521,496,511,2015-11-23 22:40:05.288839,2015-11-23 22:40:05.288839,1448318378
90522,496,511,2015-11-23 22:50:05.637804,2015-11-23 22:50:05.637804,1448318961
90523,496,511,2015-11-23 23:00:05.479989,2015-11-23 23:00:05.479989,1448319599
90524,496,511,2015-11-23 23:10:05.397907,2015-11-23 23:10:05.397907,1448320198
90525,496,511,2015-11-23 23:20:05.261648,2015-11-23 23:20:05.261648,1448320777
90526,496,511,2015-11-23 23:30:05.365477,2015-11-23 23:30:05.365477,1448321390
90527,496,511,2015-11-23 23:40:07.367809,2015-11-23 23:40:07.367809,1448322005
90528,494,511,2015-11-23 23:50:06.845324,2015-11-23 23:50:06.845324,1448322605
90529,494,511,2015-11-24 00:00:09.421521,2015-11-24 00:00:09.421521,1448323205
90530,494,511,2015-11-24 00:10:05.591986,2015-11-24 00:10:05.591986,1448323775
90531,494,511,2015-11-24 00:20:07.884553,2015-11-24 00:20:07.884553,1448324405
90532,494,511,2015-11-24 00:30:07.684775,2015-11-24 00:30:07.684775,1448325005
90533,494,511,2015-11-24 00:40:05.429304,2015-11-24 00:40:05.429304,1448325598
90534,494,511,2015-11-24 00:50:05.23998,2015-11-24 00:50:05.23998,1448326197
90535,494,511,2015-11-24 01:00:05.632401,2015-11-24 01:00:05.632401,1448326796
90536,494,511,2015-11-24 01:10:05.372057,2015-11-24 01:10:05.372057,1448327400
90537,494,511,2015-11-24 01:20:06.033966,2015-11-24 01:20:06.033966,1448327976
90538,494,511,2015-11-24 01:30:05.468121,2015-11-24 01:30:05.468121,1448328599
90539,494,511,2015-11-24 01:40:05.342658,2015-11-24 01:40:05.342658,1448329188
90540,494,511,2015-11-24 01:50:05.365003,2015-11-24 01:50:05.365003,1448329793
90541,494,511,2015-11-24 02:00:09.58519,2015-11-24 02:00:09.58519,1448330405
90542,494,511,2015-11-24 02:10:05.629991,2015-11-24 02:10:05.629991,1448331001
90543,494,511,2015-11-24 02:20:05.820562,2015-11-24 02:20:05.820562,1448331601
90544,494,511,2015-11-24 02:30:07.616756,2015-11-24 02:30:07.616756,1448332205
90545,494,511,2015-11-24 02:40:05.334455,2015-11-24 02:40:05.334455,1448332802
90546,494,511,2015-11-24 02:50:05.304174,2015-11-24 02:50:05.304174,1448333402
90547,494,511,2015-11-24 03:00:05.108128,2015-11-24 03:00:05.108128,1448333993
90548,494,511,2015-11-24 03:10:05.923925,2015-11-24 03:10:05.923925,1448334601
90549,494,511,2015-11-24 03:20:05.591885,2015-11-24 03:20:05.591885,1448335202
90550,494,511,2015-11-24 03:30:07.371559,2015-11-24 03:30:07.371559,1448335805
90551,494,511,2015-11-24 03:40:05.539654,2015-11-24 03:40:05.539654,1448336390
90552,494,511,2015-11-24 03:50:05.520244,2015-11-24 03:50:05.520244,1448337002
90553,494,511,2015-11-24 04:00:05.379393,2015-11-24 04:00:05.379393,1448337591
90554,494,511,2015-11-24 04:10:07.157263,2015-11-24 04:10:07.157263,1448338205
90555,494,511,2015-11-24 04:20:05.308455,2015-11-24 04:20:05.308455,1448338801
90556,494,511,2015-11-24 04:30:05.203526,2015-11-24 04:30:05.203526,1448339383
90557,494,511,2015-11-24 04:40:08.110395,2015-11-24 04:40:08.110395,1448340005
90558,494,511,2015-11-24 04:50:07.183499,2015-11-24 04:50:07.183499,1448340605
90559,494,511,2015-11-24 05:00:06.294022,2015-11-24 05:00:06.294022,1448341195
90560,494,511,2015-11-24 05:10:06.368777,2015-11-24 05:10:06.368777,1448341805
90561,494,511,2015-11-24 05:20:05.311879,2015-11-24 05:20:05.311879,1448342398
90562,494,511,2015-11-24 05:30:06.319407,2015-11-24 05:30:06.319407,1448342998
90563,494,511,2015-11-24 05:40:06.003436,2015-11-24 05:40:06.003436,1448343602
90564,494,511,2015-11-24 05:50:06.251124,2015-11-24 05:50:06.251124,1448344195
90565,494,511,2015-11-24 06:00:05.693097,2015-11-24 06:00:05.693097,1448344800
90566,494,511,2015-11-24 06:10:07.91852,2015-11-24 06:10:07.91852,1448345405
90567,494,511,2015-11-24 06:20:05.782509,2015-11-24 06:20:05.782509,1448346003
90568,494,511,2015-11-24 06:30:06.977629,2015-11-24 06:30:06.977629,1448346605
90569,494,511,2015-11-24 06:40:05.644356,2015-11-24 06:40:05.644356,1448347201
90570,494,511,2015-11-24 06:50:06.698091,2015-11-24 06:50:06.698091,1448347805
90571,494,511,2015-11-24 07:00:06.009731,2015-11-24 07:00:06.009731,1448348397
90572,494,511,2015-11-24 07:10:05.926301,2015-11-24 07:10:05.926301,1448349001
90573,494,511,2015-11-24 07:20:05.837971,2015-11-24 07:20:05.837971,1448349595
90574,494,511,2015-11-24 07:30:05.772479,2015-11-24 07:30:05.772479,1448350199
90575,494,511,2015-11-24 07:40:07.257387,2015-11-24 07:40:07.257387,1448350805
90576,494,511,2015-11-24 07:50:06.674651,2015-11-24 07:50:06.674651,1448351405
90577,494,511,2015-11-24 08:00:06.180925,2015-11-24 08:00:06.180925,1448351997
90578,494,511,2015-11-24 08:10:05.663591,2015-11-24 08:10:05.663591,1448352599
90579,494,511,2015-11-24 08:20:13.490538,2015-11-24 08:20:13.490538,1448353211
90580,494,511,2015-11-24 08:30:15.778166,2015-11-24 08:30:15.778166,1448353813
90581,494,511,2015-11-24 08:40:10.971219,2015-11-24 08:40:10.971219,1448354399
90582,494,511,2015-11-24 08:50:05.832729,2015-11-24 08:50:05.832729,1448355001
90583,494,511,2015-11-24 09:00:06.431184,2015-11-24 09:00:06.431184,1448355588
90584,494,511,2015-11-24 09:10:06.067876,2015-11-24 09:10:06.067876,1448356200
90585,494,511,2015-11-24 09:20:06.046923,2015-11-24 09:20:06.046923,1448356804
90586,494,511,2015-11-24 09:30:06.282769,2015-11-24 09:30:06.282769,1448357402
90587,494,511,2015-11-24 09:40:05.735686,2015-11-24 09:40:05.735686,1448357995
90588,493,511,2015-11-24 09:50:10.436855,2015-11-24 09:50:10.436855,1448358598
90589,493,511,2015-11-24 10:00:10.747439,2015-11-24 10:00:10.747439,1448359207
90590,493,511,2015-11-24 10:10:10.415334,2015-11-24 10:10:10.415334,1448359800
90591,493,511,2015-11-24 10:20:05.350986,2015-11-24 10:20:05.350986,1448360401
90592,493,511,2015-11-24 10:30:05.42324,2015-11-24 10:30:05.42324,1448360999
90593,493,511,2015-11-24 10:40:05.619863,2015-11-24 10:40:05.619863,1448361603
90594,493,511,2015-11-24 10:50:07.364381,2015-11-24 10:50:07.364381,1448362206
90595,495,511,2015-11-24 11:00:05.515612,2015-11-24 11:00:05.515612,1448362802
90596,495,511,2015-11-24 11:10:06.113926,2015-11-24 11:10:06.113926,1448363397
90597,495,511,2015-11-24 11:20:06.265102,2015-11-24 11:20:06.265102,1448363992
90598,495,511,2015-11-24 11:30:05.445284,2015-11-24 11:30:05.445284,1448364587
90599,495,511,2015-11-24 11:40:05.512218,2015-11-24 11:40:05.512218,1448365200
90600,495,511,2015-11-24 11:50:05.533581,2015-11-24 11:50:05.533581,1448365793
90601,495,511,2015-11-24 12:00:05.693092,2015-11-24 12:00:05.693092,1448366390
90602,495,511,2015-11-24 12:10:06.476668,2015-11-24 12:10:06.476668,1448366960
90603,495,511,2015-11-24 12:20:05.912693,2015-11-24 12:20:05.912693,1448367566
90604,495,511,2015-11-24 12:30:08.331204,2015-11-24 12:30:08.331204,1448368206
90605,495,511,2015-11-24 12:40:05.769597,2015-11-24 12:40:05.769597,1448368756
90606,495,511,2015-11-24 12:50:05.900058,2015-11-24 12:50:05.900058,1448369402
90607,495,511,2015-11-24 13:00:05.461511,2015-11-24 13:00:05.461511,1448369999
90608,495,511,2015-11-24 13:10:05.492384,2015-11-24 13:10:05.492384,1448370601
90609,495,511,2015-11-24 13:20:06.199883,2015-11-24 13:20:06.199883,1448371197
90610,495,511,2015-11-24 13:30:06.335998,2015-11-24 13:30:06.335998,1448371790
90611,495,511,2015-11-24 13:40:06.213009,2015-11-24 13:40:06.213009,1448372395
90612,495,511,2015-11-24 13:50:07.192138,2015-11-24 13:50:07.192138,1448373005
90613,494,511,2015-11-24 14:00:06.100441,2015-11-24 14:00:06.100441,1448373599
90614,494,511,2015-11-24 14:10:06.289681,2015-11-24 14:10:06.289681,1448374185
90615,495,511,2015-11-24 14:20:05.989456,2015-11-24 14:20:05.989456,1448374768
90616,495,511,2015-11-24 14:30:09.148283,2015-11-24 14:30:09.148283,1448375405
90617,495,511,2015-11-24 14:40:05.328106,2015-11-24 14:40:05.328106,1448376002
90618,495,511,2015-11-24 14:50:05.384891,2015-11-24 14:50:05.384891,1448376588
90619,495,511,2015-11-24 15:00:05.639063,2015-11-24 15:00:05.639063,1448377187
90620,495,511,2015-11-24 15:10:06.644258,2015-11-24 15:10:06.644258,1448377804
90621,495,511,2015-11-24 15:20:06.255952,2015-11-24 15:20:06.255952,1448378348
90622,495,511,2015-11-24 15:30:05.772073,2015-11-24 15:30:05.772073,1448379004
90623,495,511,2015-11-24 15:40:05.878633,2015-11-24 15:40:05.878633,1448379600
90624,495,511,2015-11-24 15:50:05.940742,2015-11-24 15:50:05.940742,1448380186
90625,495,511,2015-11-24 16:00:05.384539,2015-11-24 16:00:05.384539,1448380796
90626,495,511,2015-11-24 16:10:05.325191,2015-11-24 16:10:05.325191,1448381385
90627,495,511,2015-11-24 16:20:05.59453,2015-11-24 16:20:05.59453,1448381994
90628,495,511,2015-11-24 16:30:05.998678,2015-11-24 16:30:05.998678,1448382602
90629,495,511,2015-11-24 16:40:05.949592,2015-11-24 16:40:05.949592,1448383190
90630,495,511,2015-11-24 16:50:05.906616,2015-11-24 16:50:05.906616,1448383796
90631,495,511,2015-11-24 17:00:05.790611,2015-11-24 17:00:05.790611,1448384382
90632,495,511,2015-11-24 17:10:06.053268,2015-11-24 17:10:06.053268,1448385003
90633,495,511,2015-11-24 17:20:05.424775,2015-11-24 17:20:05.424775,1448385602
90634,495,511,2015-11-24 17:30:05.82937,2015-11-24 17:30:05.82937,1448386199
90635,495,511,2015-11-24 17:40:05.984284,2015-11-24 17:40:05.984284,1448386795
90636,495,511,2015-11-24 17:50:06.123201,2015-11-24 17:50:06.123201,1448387404
90637,495,511,2015-11-24 18:00:07.252769,2015-11-24 18:00:07.252769,1448388005
90638,495,511,2015-11-24 18:10:05.414592,2015-11-24 18:10:05.414592,1448388601
90639,495,511,2015-11-24 18:20:05.660899,2015-11-24 18:20:05.660899,1448389199
90640,495,511,2015-11-24 18:30:05.712316,2015-11-24 18:30:05.712316,1448389799
90641,495,511,2015-11-24 18:40:07.458109,2015-11-24 18:40:07.458109,1448390406
90642,495,511,2015-11-24 18:50:05.387015,2015-11-24 18:50:05.387015,1448390992
90643,495,511,2015-11-24 19:00:05.765311,2015-11-24 19:00:05.765311,1448391592
90644,495,511,2015-11-24 19:10:05.334143,2015-11-24 19:10:05.334143,1448392202
90645,495,511,2015-11-24 19:20:05.551156,2015-11-24 19:20:05.551156,1448392802
90646,495,511,2015-11-24 19:30:05.947114,2015-11-24 19:30:05.947114,1448393390
90647,495,511,2015-11-24 19:40:05.303532,2015-11-24 19:40:05.303532,1448394002
90648,496,511,2015-11-24 19:50:05.703519,2015-11-24 19:50:05.703519,1448394588
90649,496,511,2015-11-24 20:00:05.952362,2015-11-24 20:00:05.952362,1448395198
90650,496,511,2015-11-24 20:10:05.272048,2015-11-24 20:10:05.272048,1448395796
90651,496,511,2015-11-24 20:20:05.34127,2015-11-24 20:20:05.34127,1448396398
90652,496,511,2015-11-24 20:30:05.789456,2015-11-24 20:30:05.789456,1448396971
90653,496,511,2015-11-24 20:40:06.282122,2015-11-24 20:40:06.282122,1448397604
90654,496,511,2015-11-24 20:50:06.59479,2015-11-24 20:50:06.59479,1448398205
90655,496,511,2015-11-24 21:00:05.556548,2015-11-24 21:00:05.556548,1448398795
90656,496,511,2015-11-24 21:10:05.795558,2015-11-24 21:10:05.795558,1448399398
90657,496,511,2015-11-24 21:20:05.822709,2015-11-24 21:20:05.822709,1448400003
90658,496,511,2015-11-24 21:30:05.728551,2015-11-24 21:30:05.728551,1448400593
90659,496,511,2015-11-24 21:40:05.777751,2015-11-24 21:40:05.777751,1448401193
90660,496,511,2015-11-24 21:50:06.637203,2015-11-24 21:50:06.637203,1448401789
90661,496,511,2015-11-24 22:00:06.094335,2015-11-24 22:00:06.094335,1448402356
90662,496,511,2015-11-24 22:10:06.670383,2015-11-24 22:10:06.670383,1448402988
90663,496,511,2015-11-24 22:20:06.067461,2015-11-24 22:20:06.067461,1448403598
90664,496,511,2015-11-24 22:30:05.856481,2015-11-24 22:30:05.856481,1448404199
90665,496,511,2015-11-24 22:40:05.608617,2015-11-24 22:40:05.608617,1448404802
90666,496,511,2015-11-24 22:50:06.057897,2015-11-24 22:50:06.057897,1448405342
90667,496,511,2015-11-24 23:00:05.90597,2015-11-24 23:00:05.90597,1448405972
90668,496,511,2015-11-24 23:10:07.538308,2015-11-24 23:10:07.538308,1448406605
90669,496,511,2015-11-24 23:20:05.675625,2015-11-24 23:20:05.675625,1448407195
90670,496,511,2015-11-24 23:30:05.990655,2015-11-24 23:30:05.990655,1448407796
90671,496,511,2015-11-24 23:40:06.380905,2015-11-24 23:40:06.380905,1448408404
90672,496,511,2015-11-24 23:50:05.762855,2015-11-24 23:50:05.762855,1448408993
90673,494,511,2015-11-25 00:00:06.53089,2015-11-25 00:00:06.53089,1448409600
90674,494,511,2015-11-25 00:10:06.067677,2015-11-25 00:10:06.067677,1448410179
90675,494,511,2015-11-25 00:20:05.981123,2015-11-25 00:20:05.981123,1448410787
90676,494,511,2015-11-25 00:30:06.569451,2015-11-25 00:30:06.569451,1448411398
90677,494,511,2015-11-25 00:40:08.450562,2015-11-25 00:40:08.450562,1448412005
90678,494,511,2015-11-25 00:50:07.634703,2015-11-25 00:50:07.634703,1448412605
90679,494,511,2015-11-25 01:00:06.19594,2015-11-25 01:00:06.19594,1448413202
90680,494,511,2015-11-25 01:10:06.146935,2015-11-25 01:10:06.146935,1448413801
90681,494,511,2015-11-25 01:20:05.366946,2015-11-25 01:20:05.366946,1448414387
90682,494,511,2015-11-25 01:30:05.514021,2015-11-25 01:30:05.514021,1448414997
90683,494,511,2015-11-25 01:40:06.195553,2015-11-25 01:40:06.195553,1448415598
90684,494,511,2015-11-25 01:50:06.252275,2015-11-25 01:50:06.252275,1448416204
90685,494,511,2015-11-25 02:00:07.677609,2015-11-25 02:00:07.677609,1448416805
90686,494,511,2015-11-25 02:10:10.556831,2015-11-25 02:10:10.556831,1448417408
90687,494,511,2015-11-25 02:20:05.589757,2015-11-25 02:20:05.589757,1448418002
90688,494,511,2015-11-25 02:30:05.905347,2015-11-25 02:30:05.905347,1448418601
90689,494,511,2015-11-25 02:40:06.550212,2015-11-25 02:40:06.550212,1448419199
90690,494,511,2015-11-25 02:50:09.102031,2015-11-25 02:50:09.102031,1448419804
90691,494,511,2015-11-25 03:00:05.875243,2015-11-25 03:00:05.875243,1448420376
90692,494,511,2015-11-25 03:10:05.343419,2015-11-25 03:10:05.343419,1448420913
90693,494,511,2015-11-25 03:20:08.201117,2015-11-25 03:20:08.201117,1448421605
90694,494,511,2015-11-25 03:30:12.984522,2015-11-25 03:30:12.984522,1448422211
90695,494,511,2015-11-25 03:40:11.066986,2015-11-25 03:40:11.066986,1448422787
90696,494,511,2015-11-25 03:50:11.101055,2015-11-25 03:50:11.101055,1448423407
90697,494,511,2015-11-25 04:00:11.219424,2015-11-25 04:00:11.219424,1448424004
90698,494,511,2015-11-25 04:10:06.09556,2015-11-25 04:10:06.09556,1448424358
90699,494,511,2015-11-25 05:40:06.621153,2015-11-25 05:40:06.621153,1448429990
90700,494,511,2015-11-25 05:50:05.924255,2015-11-25 05:50:05.924255,1448430583
90701,494,511,2015-11-25 06:00:05.886239,2015-11-25 06:00:05.886239,1448431200
90702,494,511,2015-11-25 06:10:09.135893,2015-11-25 06:10:09.135893,1448431795
90703,494,511,2015-11-25 06:20:12.806052,2015-11-25 06:20:12.806052,1448432411
90704,494,511,2015-11-25 06:30:11.295913,2015-11-25 06:30:11.295913,1448432996
90705,494,511,2015-11-25 06:40:13.422235,2015-11-25 06:40:13.422235,1448433611
90706,494,511,2015-11-25 06:50:05.34113,2015-11-25 06:50:05.34113,1448434198
90707,494,511,2015-11-25 07:00:05.44945,2015-11-25 07:00:05.44945,1448434802
90708,494,511,2015-11-25 07:10:05.627344,2015-11-25 07:10:05.627344,1448435396
90709,494,511,2015-11-25 07:20:05.561547,2015-11-25 07:20:05.561547,1448436002
90710,494,511,2015-11-25 07:30:05.662381,2015-11-25 07:30:05.662381,1448436599
90711,494,511,2015-11-25 07:40:07.398471,2015-11-25 07:40:07.398471,1448437205
90712,494,511,2015-11-25 07:50:06.078463,2015-11-25 07:50:06.078463,1448437776
90713,494,511,2015-11-25 08:00:06.139215,2015-11-25 08:00:06.139215,1448438392
90714,494,511,2015-11-25 08:10:05.87102,2015-11-25 08:10:05.87102,1448438998
90715,494,511,2015-11-25 08:20:05.893529,2015-11-25 08:20:05.893529,1448439602
90716,494,511,2015-11-25 08:30:05.683526,2015-11-25 08:30:05.683526,1448440198
90717,494,511,2015-11-25 08:40:05.758538,2015-11-25 08:40:05.758538,1448440801
90718,494,511,2015-11-25 08:50:05.481885,2015-11-25 08:50:05.481885,1448441378
90719,494,511,2015-11-25 09:00:05.893085,2015-11-25 09:00:05.893085,1448442002
90720,494,511,2015-11-25 09:10:07.309837,2015-11-25 09:10:07.309837,1448442605
90721,494,511,2015-11-25 09:20:05.415878,2015-11-25 09:20:05.415878,1448443201
90722,494,511,2015-11-25 09:30:07.019835,2015-11-25 09:30:07.019835,1448443805
90723,494,511,2015-11-25 09:40:07.867985,2015-11-25 09:40:07.867985,1448444405
90724,494,511,2015-11-25 09:50:06.506056,2015-11-25 09:50:06.506056,1448444988
90725,494,511,2015-11-25 10:00:05.476114,2015-11-25 10:00:05.476114,1448445594
90726,494,511,2015-11-25 10:10:05.641638,2015-11-25 10:10:05.641638,1448446200
90727,494,511,2015-11-25 10:20:06.425484,2015-11-25 10:20:06.425484,1448446787
90728,494,511,2015-11-25 10:30:07.217184,2015-11-25 10:30:07.217184,1448447405
90729,494,511,2015-11-25 10:40:06.282239,2015-11-25 10:40:06.282239,1448448001
90730,495,511,2015-11-25 10:50:05.775409,2015-11-25 10:50:05.775409,1448448595
90731,496,511,2015-11-25 11:00:05.909242,2015-11-25 11:00:05.909242,1448449202
90732,496,511,2015-11-25 11:10:05.486689,2015-11-25 11:10:05.486689,1448449790
90733,496,511,2015-11-25 11:20:07.303928,2015-11-25 11:20:07.303928,1448450405
90734,496,511,2015-11-25 11:30:13.691578,2015-11-25 11:30:13.691578,1448451010
90735,496,511,2015-11-25 11:40:17.2784,2015-11-25 11:40:17.2784,1448451613
90736,496,511,2015-11-25 11:50:13.088532,2015-11-25 11:50:13.088532,1448452211
90737,496,511,2015-11-25 12:00:10.877285,2015-11-25 12:00:10.877285,1448452793
90738,496,511,2015-11-25 12:10:06.926693,2015-11-25 12:10:06.926693,1448453400
90739,496,511,2015-11-25 12:20:07.463638,2015-11-25 12:20:07.463638,1448454006
90740,496,511,2015-11-25 12:30:05.536721,2015-11-25 12:30:05.536721,1448454538
90741,496,511,2015-11-25 12:40:07.984113,2015-11-25 12:40:07.984113,1448455205
90742,496,511,2015-11-25 12:50:05.908617,2015-11-25 12:50:05.908617,1448455800
90743,496,511,2015-11-25 13:00:07.361491,2015-11-25 13:00:07.361491,1448456405
90744,496,511,2015-11-25 13:10:05.693652,2015-11-25 13:10:05.693652,1448456999
90745,496,511,2015-11-25 13:20:06.10567,2015-11-25 13:20:06.10567,1448457604
90746,496,511,2015-11-25 13:30:05.691532,2015-11-25 13:30:05.691532,1448458181
90747,496,511,2015-11-25 13:40:06.316894,2015-11-25 13:40:06.316894,1448458793
90748,496,511,2015-11-25 13:50:05.939848,2015-11-25 13:50:05.939848,1448459400
90749,496,511,2015-11-25 14:00:06.044376,2015-11-25 14:00:06.044376,1448459998
90750,496,511,2015-11-25 14:10:06.066858,2015-11-25 14:10:06.066858,1448460584
90751,496,511,2015-11-25 14:20:06.290228,2015-11-25 14:20:06.290228,1448461189
90752,496,511,2015-11-25 14:30:07.285069,2015-11-25 14:30:07.285069,1448461805
90753,496,511,2015-11-25 14:40:05.607679,2015-11-25 14:40:05.607679,1448462401
90754,496,511,2015-11-25 14:50:05.729724,2015-11-25 14:50:05.729724,1448462997
90755,496,511,2015-11-25 15:00:07.490887,2015-11-25 15:00:07.490887,1448463605
90756,496,511,2015-11-25 15:10:05.77071,2015-11-25 15:10:05.77071,1448464187
90757,496,511,2015-11-25 15:20:06.191693,2015-11-25 15:20:06.191693,1448464792
90758,496,511,2015-11-25 15:30:05.559714,2015-11-25 15:30:05.559714,1448465378
90759,496,511,2015-11-25 15:40:06.757037,2015-11-25 15:40:06.757037,1448466005
90760,496,511,2015-11-25 15:50:05.524669,2015-11-25 15:50:05.524669,1448466600
90761,496,511,2015-11-25 16:00:05.66739,2015-11-25 16:00:05.66739,1448467197
90762,496,511,2015-11-25 16:10:05.834297,2015-11-25 16:10:05.834297,1448467803
90763,496,511,2015-11-25 16:20:06.163715,2015-11-25 16:20:06.163715,1448468401
90764,496,511,2015-11-25 16:30:06.315977,2015-11-25 16:30:06.315977,1448468996
90765,496,511,2015-11-25 16:40:05.521947,2015-11-25 16:40:05.521947,1448469602
90766,496,511,2015-11-25 16:50:06.115849,2015-11-25 16:50:06.115849,1448470198
90767,496,511,2015-11-25 17:00:06.880352,2015-11-25 17:00:06.880352,1448470805
90768,496,511,2015-11-25 17:10:05.669453,2015-11-25 17:10:05.669453,1448471399
90769,496,511,2015-11-25 17:20:06.120491,2015-11-25 17:20:06.120491,1448472000
90770,496,511,2015-11-25 17:30:06.221836,2015-11-25 17:30:06.221836,1448472584
90771,496,511,2015-11-25 17:40:05.517361,2015-11-25 17:40:05.517361,1448473199
90772,496,511,2015-11-25 17:50:05.658641,2015-11-25 17:50:05.658641,1448473794
90773,496,511,2015-11-25 18:00:05.749967,2015-11-25 18:00:05.749967,1448474392
90774,496,511,2015-11-25 18:10:05.959604,2015-11-25 18:10:05.959604,1448474999
90775,496,511,2015-11-25 18:20:05.438819,2015-11-25 18:20:05.438819,1448475593
90776,496,511,2015-11-25 18:30:05.683736,2015-11-25 18:30:05.683736,1448476201
90777,496,511,2015-11-25 18:40:07.071707,2015-11-25 18:40:07.071707,1448476805
90778,496,511,2015-11-25 18:50:06.26279,2015-11-25 18:50:06.26279,1448477391
90779,496,511,2015-11-25 19:00:05.873841,2015-11-25 19:00:05.873841,1448477998
90780,496,511,2015-11-25 19:10:07.233921,2015-11-25 19:10:07.233921,1448478605
90781,496,511,2015-11-25 19:20:05.138202,2015-11-25 19:20:05.138202,1448479202
90782,496,511,2015-11-25 19:30:06.038555,2015-11-25 19:30:06.038555,1448479799
90783,496,511,2015-11-25 19:40:05.389684,2015-11-25 19:40:05.389684,1448480386
90784,496,511,2015-11-25 19:50:05.574714,2015-11-25 19:50:05.574714,1448481002
90785,496,511,2015-11-25 20:00:13.488859,2015-11-25 20:00:13.488859,1448481611
90786,496,511,2015-11-25 20:10:12.892419,2015-11-25 20:10:12.892419,1448482198
90787,494,511,2015-11-25 20:20:10.65226,2015-11-25 20:20:10.65226,1448482793
90788,494,511,2015-11-25 20:30:05.837998,2015-11-25 20:30:05.837998,1448483387
90789,494,511,2015-11-25 20:40:09.620718,2015-11-25 20:40:09.620718,1448484006
90790,494,511,2015-11-25 20:50:05.364373,2015-11-25 20:50:05.364373,1448484599
90791,493,511,2015-11-25 21:00:11.141031,2015-11-25 21:00:11.141031,1448485197
90792,493,511,2015-11-25 21:10:12.146991,2015-11-25 21:10:12.146991,1448485801
90793,493,511,2015-11-25 21:20:10.723944,2015-11-25 21:20:10.723944,1448486398
90794,493,511,2015-11-25 21:30:06.08177,2015-11-25 21:30:06.08177,1448486992
90795,493,511,2015-11-25 21:40:06.266431,2015-11-25 21:40:06.266431,1448487600
90796,493,511,2015-11-25 21:50:05.929213,2015-11-25 21:50:05.929213,1448488186
90797,493,511,2015-11-25 22:00:06.0357,2015-11-25 22:00:06.0357,1448488778
90798,493,511,2015-11-25 22:10:06.080247,2015-11-25 22:10:06.080247,1448489404
90799,493,511,2015-11-25 22:20:06.528102,2015-11-25 22:20:06.528102,1448489970
90800,493,511,2015-11-25 22:30:06.249552,2015-11-25 22:30:06.249552,1448490595
90801,493,511,2015-11-25 22:40:05.31472,2015-11-25 22:40:05.31472,1448491201
90802,493,511,2015-11-25 22:50:05.473932,2015-11-25 22:50:05.473932,1448491799
90803,493,511,2015-11-25 23:00:07.403788,2015-11-25 23:00:07.403788,1448492405
90804,493,511,2015-11-25 23:10:06.313666,2015-11-25 23:10:06.313666,1448492996
90805,493,511,2015-11-25 23:20:12.722263,2015-11-25 23:20:12.722263,1448493599
90806,493,511,2015-11-25 23:30:10.293758,2015-11-25 23:30:10.293758,1448494203
90807,493,511,2015-11-25 23:40:11.410255,2015-11-25 23:40:11.410255,1448494809
90808,493,511,2015-11-25 23:50:06.697452,2015-11-25 23:50:06.697452,1448495405
90809,490,511,2015-11-26 00:00:06.147808,2015-11-26 00:00:06.147808,1448495990
90810,490,511,2015-11-26 00:10:07.668344,2015-11-26 00:10:07.668344,1448496605
90811,490,511,2015-11-26 00:20:05.957199,2015-11-26 00:20:05.957199,1448497168
90812,490,511,2015-11-26 00:30:08.161194,2015-11-26 00:30:08.161194,1448497806
90813,490,511,2015-11-26 00:40:05.62816,2015-11-26 00:40:05.62816,1448498401
90814,489,511,2015-11-26 00:50:06.43835,2015-11-26 00:50:06.43835,1448498996
90815,489,511,2015-11-26 01:00:07.737573,2015-11-26 01:00:07.737573,1448499605
90816,489,511,2015-11-26 01:10:05.837874,2015-11-26 01:10:05.837874,1448500202
90817,489,511,2015-11-26 01:20:05.286653,2015-11-26 01:20:05.286653,1448500788
90818,489,511,2015-11-26 01:30:05.709757,2015-11-26 01:30:05.709757,1448501399
90819,489,511,2015-11-26 01:40:05.698372,2015-11-26 01:40:05.698372,1448501995
90820,488,511,2015-11-26 01:50:06.176314,2015-11-26 01:50:06.176314,1448502604
90821,487,511,2015-11-26 02:00:05.527411,2015-11-26 02:00:05.527411,1448503171
90822,487,511,2015-11-26 02:10:05.925763,2015-11-26 02:10:05.925763,1448503798
90823,486,511,2015-11-26 02:20:06.188849,2015-11-26 02:20:06.188849,1448504388
90824,486,511,2015-11-26 02:30:07.674339,2015-11-26 02:30:07.674339,1448505006
90825,486,511,2015-11-26 02:40:07.178903,2015-11-26 02:40:07.178903,1448505605
90826,486,511,2015-11-26 02:50:05.926317,2015-11-26 02:50:05.926317,1448506202
90827,486,511,2015-11-26 03:00:06.090857,2015-11-26 03:00:06.090857,1448506788
90828,486,511,2015-11-26 03:10:06.143321,2015-11-26 03:10:06.143321,1448507388
90829,486,511,2015-11-26 03:20:07.079512,2015-11-26 03:20:07.079512,1448508005
90830,486,511,2015-11-26 03:30:07.319912,2015-11-26 03:30:07.319912,1448508605
90831,486,511,2015-11-26 03:40:05.384103,2015-11-26 03:40:05.384103,1448509200
90832,486,511,2015-11-26 03:50:05.697386,2015-11-26 03:50:05.697386,1448509799
90833,486,511,2015-11-26 04:00:05.893498,2015-11-26 04:00:05.893498,1448510398
90834,486,511,2015-11-26 04:10:05.825847,2015-11-26 04:10:05.825847,1448510998
90835,486,511,2015-11-26 04:20:05.56576,2015-11-26 04:20:05.56576,1448511599
90836,486,511,2015-11-26 04:30:05.757589,2015-11-26 04:30:05.757589,1448512200
90837,486,511,2015-11-26 04:40:06.224443,2015-11-26 04:40:06.224443,1448512804
90838,486,511,2015-11-26 04:50:05.567525,2015-11-26 04:50:05.567525,1448513401
90839,486,511,2015-11-26 05:00:06.131831,2015-11-26 05:00:06.131831,1448513998
90840,486,511,2015-11-26 05:10:08.111472,2015-11-26 05:10:08.111472,1448514606
90841,486,511,2015-11-26 05:20:06.471026,2015-11-26 05:20:06.471026,1448515183
90842,486,511,2015-11-26 05:30:06.192389,2015-11-26 05:30:06.192389,1448515798
90843,486,511,2015-11-26 05:40:07.975717,2015-11-26 05:40:07.975717,1448516405
90844,486,511,2015-11-26 05:50:05.893151,2015-11-26 05:50:05.893151,1448517002
90845,486,511,2015-11-26 06:00:06.254511,2015-11-26 06:00:06.254511,1448517598
90846,486,511,2015-11-26 06:10:05.724282,2015-11-26 06:10:05.724282,1448518200
90847,486,511,2015-11-26 06:20:06.05599,2015-11-26 06:20:06.05599,1448518791
90848,486,511,2015-11-26 06:30:05.957539,2015-11-26 06:30:05.957539,1448519400
90849,486,511,2015-11-26 06:40:06.251996,2015-11-26 06:40:06.251996,1448520004
90850,486,511,2015-11-26 06:50:07.196877,2015-11-26 06:50:07.196877,1448520605
90851,486,511,2015-11-26 07:00:05.965798,2015-11-26 07:00:05.965798,1448521199
90852,486,511,2015-11-26 07:10:08.171743,2015-11-26 07:10:08.171743,1448521806
90853,486,511,2015-11-26 07:20:06.413949,2015-11-26 07:20:06.413949,1448522395
90854,486,511,2015-11-26 07:30:05.415599,2015-11-26 07:30:05.415599,1448522996
90855,486,511,2015-11-26 07:40:05.367189,2015-11-26 07:40:05.367189,1448523602
90856,486,511,2015-11-26 07:50:05.958888,2015-11-26 07:50:05.958888,1448524187
90857,486,511,2015-11-26 08:00:05.50516,2015-11-26 08:00:05.50516,1448524796
90858,486,511,2015-11-26 08:10:06.005441,2015-11-26 08:10:06.005441,1448525398
90859,486,511,2015-11-26 08:20:05.833737,2015-11-26 08:20:05.833737,1448526002
90860,486,511,2015-11-26 08:30:05.962506,2015-11-26 08:30:05.962506,1448526586
90861,486,511,2015-11-26 08:40:05.524782,2015-11-26 08:40:05.524782,1448527203
90862,486,511,2015-11-26 08:50:06.193757,2015-11-26 08:50:06.193757,1448527779
90863,486,511,2015-11-26 09:00:06.860556,2015-11-26 09:00:06.860556,1448528405
90864,486,511,2015-11-26 09:10:06.018962,2015-11-26 09:10:06.018962,1448528990
90865,486,511,2015-11-26 09:20:07.337133,2015-11-26 09:20:07.337133,1448529606
90866,486,511,2015-11-26 09:30:05.737458,2015-11-26 09:30:05.737458,1448530201
90867,486,511,2015-11-26 09:40:05.586454,2015-11-26 09:40:05.586454,1448530798
90868,486,511,2015-11-26 09:50:05.533915,2015-11-26 09:50:05.533915,1448531402
90869,486,511,2015-11-26 10:00:05.901111,2015-11-26 10:00:05.901111,1448531997
90870,486,511,2015-11-26 10:10:06.492853,2015-11-26 10:10:06.492853,1448532587
90871,486,511,2015-11-26 10:20:05.823711,2015-11-26 10:20:05.823711,1448533184
90872,486,511,2015-11-26 10:30:07.754765,2015-11-26 10:30:07.754765,1448533805
90873,486,511,2015-11-26 10:40:05.733087,2015-11-26 10:40:05.733087,1448534388
90874,486,511,2015-11-26 10:50:07.091507,2015-11-26 10:50:07.091507,1448535005
90875,486,511,2015-11-26 11:00:06.816696,2015-11-26 11:00:06.816696,1448535592
90876,486,511,2015-11-26 11:10:07.483713,2015-11-26 11:10:07.483713,1448536206
90877,486,511,2015-11-26 11:20:07.069852,2015-11-26 11:20:07.069852,1448536805
90878,486,511,2015-11-26 11:30:05.961995,2015-11-26 11:30:05.961995,1448537400
90879,486,511,2015-11-26 11:40:05.852531,2015-11-26 11:40:05.852531,1448537998
90880,486,511,2015-11-26 11:50:05.176234,2015-11-26 11:50:05.176234,1448538601
90881,486,511,2015-11-26 12:00:07.531567,2015-11-26 12:00:07.531567,1448539206
90882,486,511,2015-11-26 12:10:06.126661,2015-11-26 12:10:06.126661,1448539800
90883,486,511,2015-11-26 12:20:06.03708,2015-11-26 12:20:06.03708,1448540402
90884,486,511,2015-11-26 12:30:06.665698,2015-11-26 12:30:06.665698,1448541005
90885,486,511,2015-11-26 12:40:05.694285,2015-11-26 12:40:05.694285,1448541596
90886,486,511,2015-11-26 12:50:05.417279,2015-11-26 12:50:05.417279,1448542204
90887,486,511,2015-11-26 13:00:05.55865,2015-11-26 13:00:05.55865,1448542800
90888,486,511,2015-11-26 13:10:08.309899,2015-11-26 13:10:08.309899,1448543396
90889,486,511,2015-11-26 13:20:08.469612,2015-11-26 13:20:08.469612,1448544000
90890,486,511,2015-11-26 13:30:10.039241,2015-11-26 13:30:10.039241,1448544608
90891,486,511,2015-11-26 13:40:05.887595,2015-11-26 13:40:05.887595,1448545202
90892,486,511,2015-11-26 13:50:07.495523,2015-11-26 13:50:07.495523,1448545805
90893,486,511,2015-11-26 14:00:05.672211,2015-11-26 14:00:05.672211,1448546391
90894,486,511,2015-11-26 14:10:05.553674,2015-11-26 14:10:05.553674,1448546999
90895,486,511,2015-11-26 14:20:06.800155,2015-11-26 14:20:06.800155,1448547605
90896,486,511,2015-11-26 14:30:05.882694,2015-11-26 14:30:05.882694,1448548199
90897,485,511,2015-11-26 14:40:07.256195,2015-11-26 14:40:07.256195,1448548805
90898,485,511,2015-11-26 14:50:06.20985,2015-11-26 14:50:06.20985,1448549400
90899,485,510,2015-11-26 15:00:06.293524,2015-11-26 15:00:06.293524,1448549997
90900,485,510,2015-11-26 15:10:05.948988,2015-11-26 15:10:05.948988,1448550592
90901,485,510,2015-11-26 15:20:06.189986,2015-11-26 15:20:06.189986,1448551197
90902,485,510,2015-11-26 15:30:06.028693,2015-11-26 15:30:06.028693,1448551794
90903,485,510,2015-11-26 15:40:05.900707,2015-11-26 15:40:05.900707,1448552399
90904,485,510,2015-11-26 15:50:05.616009,2015-11-26 15:50:05.616009,1448553002
90905,485,510,2015-11-26 16:00:05.68502,2015-11-26 16:00:05.68502,1448553601
90906,485,510,2015-11-26 16:10:06.969697,2015-11-26 16:10:06.969697,1448554205
90907,485,510,2015-11-26 16:20:05.764141,2015-11-26 16:20:05.764141,1448554802
90908,485,510,2015-11-26 16:30:07.170556,2015-11-26 16:30:07.170556,1448555405
90909,485,510,2015-11-26 16:40:05.721105,2015-11-26 16:40:05.721105,1448555991
90910,485,510,2015-11-26 16:50:05.472533,2015-11-26 16:50:05.472533,1448556598
90911,485,510,2015-11-26 17:00:06.100438,2015-11-26 17:00:06.100438,1448557197
90912,485,510,2015-11-26 17:10:05.544986,2015-11-26 17:10:05.544986,1448557795
90913,485,510,2015-11-26 17:20:05.396121,2015-11-26 17:20:05.396121,1448558402
90914,485,510,2015-11-26 17:30:06.022346,2015-11-26 17:30:06.022346,1448558990
90915,485,510,2015-11-26 17:40:05.358461,2015-11-26 17:40:05.358461,1448559600
90916,485,510,2015-11-26 17:50:05.336219,2015-11-26 17:50:05.336219,1448560200
90917,485,510,2015-11-26 18:00:06.02907,2015-11-26 18:00:06.02907,1448560800
90918,485,510,2015-11-26 18:10:05.40403,2015-11-26 18:10:05.40403,1448561399
90919,485,510,2015-11-26 18:20:05.792106,2015-11-26 18:20:05.792106,1448561998
90920,485,510,2015-11-26 18:30:05.928673,2015-11-26 18:30:05.928673,1448562599
90921,485,510,2015-11-26 18:40:05.340348,2015-11-26 18:40:05.340348,1448563200
90922,485,510,2015-11-26 18:50:05.363746,2015-11-26 18:50:05.363746,1448563798
90923,485,510,2015-11-26 19:00:05.476786,2015-11-26 19:00:05.476786,1448564391
90924,485,510,2015-11-26 19:10:06.063065,2015-11-26 19:10:06.063065,1448564968
90925,485,510,2015-11-26 19:20:05.871174,2015-11-26 19:20:05.871174,1448565601
90926,485,510,2015-11-26 19:30:05.68491,2015-11-26 19:30:05.68491,1448566187
90927,485,510,2015-11-26 19:40:06.130101,2015-11-26 19:40:06.130101,1448566800
90928,486,511,2015-11-26 19:50:05.925654,2015-11-26 19:50:05.925654,1448567387
90929,486,511,2015-11-26 20:00:05.859518,2015-11-26 20:00:05.859518,1448567998
90930,486,511,2015-11-26 20:10:05.300496,2015-11-26 20:10:05.300496,1448568598
90931,486,511,2015-11-26 20:20:05.64914,2015-11-26 20:20:05.64914,1448569199
90932,486,511,2015-11-26 20:30:07.189691,2015-11-26 20:30:07.189691,1448569805
90933,486,511,2015-11-26 20:40:06.822206,2015-11-26 20:40:06.822206,1448570405
90934,486,511,2015-11-26 20:50:06.820258,2015-11-26 20:50:06.820258,1448571005
90935,485,511,2015-11-26 21:00:07.372497,2015-11-26 21:00:07.372497,1448571606
90936,485,511,2015-11-26 21:10:05.816547,2015-11-26 21:10:05.816547,1448572202
90937,485,511,2015-11-26 21:20:05.795762,2015-11-26 21:20:05.795762,1448572802
90938,485,511,2015-11-26 21:30:06.028565,2015-11-26 21:30:06.028565,1448573402
90939,485,511,2015-11-26 21:40:05.804642,2015-11-26 21:40:05.804642,1448573998
90940,485,511,2015-11-26 21:50:05.764119,2015-11-26 21:50:05.764119,1448574603
90941,485,511,2015-11-26 22:00:06.382082,2015-11-26 22:00:06.382082,1448575197
90942,487,511,2015-11-26 22:10:05.993156,2015-11-26 22:10:05.993156,1448575799
90943,487,511,2015-11-26 22:20:05.944626,2015-11-26 22:20:05.944626,1448576388
90944,487,511,2015-11-26 22:30:07.316817,2015-11-26 22:30:07.316817,1448577005
90945,487,511,2015-11-26 22:40:05.323893,2015-11-26 22:40:05.323893,1448577598
90946,487,511,2015-11-26 22:50:05.389892,2015-11-26 22:50:05.389892,1448578199
90947,487,511,2015-11-26 23:00:05.763955,2015-11-26 23:00:05.763955,1448578797
90948,487,511,2015-11-26 23:10:06.069009,2015-11-26 23:10:06.069009,1448579401
90949,487,511,2015-11-26 23:20:07.232538,2015-11-26 23:20:07.232538,1448580005
90950,487,511,2015-11-26 23:30:08.943156,2015-11-26 23:30:08.943156,1448580606
90951,488,511,2015-11-26 23:40:05.68355,2015-11-26 23:40:05.68355,1448581191
90952,488,511,2015-11-26 23:50:05.736779,2015-11-26 23:50:05.736779,1448581802
90953,489,511,2015-11-27 00:00:06.311305,2015-11-27 00:00:06.311305,1448582391
90954,489,511,2015-11-27 00:10:05.462715,2015-11-27 00:10:05.462715,1448582998
90955,489,511,2015-11-27 00:20:05.326566,2015-11-27 00:20:05.326566,1448583598
90956,489,511,2015-11-27 00:30:05.275185,2015-11-27 00:30:05.275185,1448584197
90957,489,511,2015-11-27 00:40:05.36738,2015-11-27 00:40:05.36738,1448584794
90958,489,511,2015-11-27 00:50:05.475309,2015-11-27 00:50:05.475309,1448585403
90959,489,511,2015-11-27 01:00:05.540969,2015-11-27 01:00:05.540969,1448586001
90960,489,511,2015-11-27 01:10:07.618136,2015-11-27 01:10:07.618136,1448586605
90961,489,511,2015-11-27 01:20:07.704301,2015-11-27 01:20:07.704301,1448587205
90962,489,511,2015-11-27 01:30:07.711817,2015-11-27 01:30:07.711817,1448587805
90963,489,511,2015-11-27 01:40:05.84219,2015-11-27 01:40:05.84219,1448588404
90964,489,511,2015-11-27 01:50:05.536882,2015-11-27 01:50:05.536882,1448589001
90965,489,511,2015-11-27 02:00:05.48532,2015-11-27 02:00:05.48532,1448589591
90966,489,511,2015-11-27 02:10:05.861934,2015-11-27 02:10:05.861934,1448590198
90967,489,511,2015-11-27 02:20:05.630892,2015-11-27 02:20:05.630892,1448590800
90968,489,511,2015-11-27 02:30:06.114034,2015-11-27 02:30:06.114034,1448591396
90969,489,511,2015-11-27 02:40:05.345293,2015-11-27 02:40:05.345293,1448591995
90970,489,511,2015-11-27 02:50:05.726421,2015-11-27 02:50:05.726421,1448592597
90971,489,511,2015-11-27 03:00:06.977456,2015-11-27 03:00:06.977456,1448593205
90972,489,511,2015-11-27 03:10:05.980423,2015-11-27 03:10:05.980423,1448593794
90973,489,511,2015-11-27 03:20:05.205733,2015-11-27 03:20:05.205733,1448594402
90974,489,511,2015-11-27 03:30:06.549888,2015-11-27 03:30:06.549888,1448594978
90975,489,511,2015-11-27 03:40:05.405825,2015-11-27 03:40:05.405825,1448595601
90976,489,511,2015-11-27 03:50:05.90137,2015-11-27 03:50:05.90137,1448596198
90977,489,511,2015-11-27 04:00:07.116031,2015-11-27 04:00:07.116031,1448596805
90978,489,511,2015-11-27 04:10:05.852912,2015-11-27 04:10:05.852912,1448597398
90979,489,511,2015-11-27 04:20:07.619105,2015-11-27 04:20:07.619105,1448598005
90980,489,511,2015-11-27 04:30:07.272071,2015-11-27 04:30:07.272071,1448598605
90981,489,511,2015-11-27 04:40:05.377742,2015-11-27 04:40:05.377742,1448599201
90982,489,511,2015-11-27 04:50:05.30059,2015-11-27 04:50:05.30059,1448599781
90983,489,511,2015-11-27 05:00:05.456711,2015-11-27 05:00:05.456711,1448600390
90984,489,511,2015-11-27 05:10:05.492063,2015-11-27 05:10:05.492063,1448601002
90985,489,511,2015-11-27 05:20:05.342977,2015-11-27 05:20:05.342977,1448601596
90986,489,511,2015-11-27 05:30:05.421646,2015-11-27 05:30:05.421646,1448602180
90987,489,511,2015-11-27 05:40:05.437117,2015-11-27 05:40:05.437117,1448602802
90988,489,511,2015-11-27 05:50:05.379376,2015-11-27 05:50:05.379376,1448603402
90989,489,511,2015-11-27 06:00:05.368862,2015-11-27 06:00:05.368862,1448603999
90990,489,511,2015-11-27 06:10:05.828538,2015-11-27 06:10:05.828538,1448604601
90991,489,511,2015-11-27 06:20:13.281634,2015-11-27 06:20:13.281634,1448605207
90992,489,511,2015-11-27 06:30:13.121163,2015-11-27 06:30:13.121163,1448605807
90993,491,511,2015-11-27 06:40:12.996611,2015-11-27 06:40:12.996611,1448606411
90994,491,511,2015-11-27 06:50:07.578685,2015-11-27 06:50:07.578685,1448607006
90995,491,511,2015-11-27 07:00:05.71155,2015-11-27 07:00:05.71155,1448607593
90996,491,511,2015-11-27 07:10:07.441881,2015-11-27 07:10:07.441881,1448608206
90997,491,511,2015-11-27 07:20:05.330465,2015-11-27 07:20:05.330465,1448608802
90998,491,511,2015-11-27 07:30:05.502095,2015-11-27 07:30:05.502095,1448609399
90999,491,511,2015-11-27 07:40:07.681062,2015-11-27 07:40:07.681062,1448610005
91000,491,511,2015-11-27 07:50:05.806358,2015-11-27 07:50:05.806358,1448610599
91001,491,511,2015-11-27 08:00:05.670479,2015-11-27 08:00:05.670479,1448611194
91002,491,511,2015-11-27 08:10:05.56649,2015-11-27 08:10:05.56649,1448611791
91003,491,511,2015-11-27 08:20:07.206193,2015-11-27 08:20:07.206193,1448612405
91004,491,511,2015-11-27 08:30:06.331861,2015-11-27 08:30:06.331861,1448612999
91005,491,511,2015-11-27 08:40:05.625835,2015-11-27 08:40:05.625835,1448613585
91006,491,511,2015-11-27 08:50:05.581132,2015-11-27 08:50:05.581132,1448614201
91007,491,511,2015-11-27 09:00:05.678693,2015-11-27 09:00:05.678693,1448614782
91008,491,511,2015-11-27 09:10:05.66196,2015-11-27 09:10:05.66196,1448615390
91009,491,511,2015-11-27 09:20:07.170811,2015-11-27 09:20:07.170811,1448616005
91010,491,511,2015-11-27 09:30:06.156625,2015-11-27 09:30:06.156625,1448616579
91011,491,511,2015-11-27 09:40:06.050581,2015-11-27 09:40:06.050581,1448617198
91012,491,511,2015-11-27 09:50:05.418375,2015-11-27 09:50:05.418375,1448617791
91013,491,511,2015-11-27 10:00:06.037842,2015-11-27 10:00:06.037842,1448618385
91014,491,511,2015-11-27 10:10:06.116062,2015-11-27 10:10:06.116062,1448618996
91015,491,511,2015-11-27 10:20:05.212653,2015-11-27 10:20:05.212653,1448619598
91016,491,511,2015-11-27 10:30:10.040803,2015-11-27 10:30:10.040803,1448620206
91017,491,511,2015-11-27 10:40:05.988698,2015-11-27 10:40:05.988698,1448620795
91018,493,511,2015-11-27 10:50:05.764732,2015-11-27 10:50:05.764732,1448621403
91019,493,511,2015-11-27 11:00:06.028604,2015-11-27 11:00:06.028604,1448621987
91020,493,511,2015-11-27 11:10:06.729963,2015-11-27 11:10:06.729963,1448622605
91021,493,511,2015-11-27 11:20:05.940636,2015-11-27 11:20:05.940636,1448623200
91022,493,511,2015-11-27 11:30:05.934429,2015-11-27 11:30:05.934429,1448623794
91023,493,511,2015-11-27 11:40:05.605867,2015-11-27 11:40:05.605867,1448624402
91024,493,511,2015-11-27 11:50:05.50251,2015-11-27 11:50:05.50251,1448624985
91025,493,511,2015-11-27 12:00:06.338597,2015-11-27 12:00:06.338597,1448625568
91026,493,511,2015-11-27 12:10:05.478426,2015-11-27 12:10:05.478426,1448626198
91027,492,511,2015-11-27 12:20:05.64435,2015-11-27 12:20:05.64435,1448626802
91028,492,511,2015-11-27 12:30:06.377238,2015-11-27 12:30:06.377238,1448627399
91029,492,511,2015-11-27 12:40:05.144201,2015-11-27 12:40:05.144201,1448627995
91030,492,511,2015-11-27 12:50:06.047042,2015-11-27 12:50:06.047042,1448628601
91031,492,511,2015-11-27 13:00:09.191169,2015-11-27 13:00:09.191169,1448629205
91032,492,511,2015-11-27 13:10:05.979868,2015-11-27 13:10:05.979868,1448629801
91033,492,511,2015-11-27 13:20:07.406204,2015-11-27 13:20:07.406204,1448630405
91034,492,511,2015-11-27 13:30:06.697525,2015-11-27 13:30:06.697525,1448631002
91035,492,511,2015-11-27 13:40:05.498166,2015-11-27 13:40:05.498166,1448631578
91036,492,511,2015-11-27 13:50:05.67711,2015-11-27 13:50:05.67711,1448632203
91037,492,511,2015-11-27 14:00:05.735421,2015-11-27 14:00:05.735421,1448632795
91038,493,511,2015-11-27 14:10:05.788324,2015-11-27 14:10:05.788324,1448633391
91039,493,511,2015-11-27 14:20:06.018307,2015-11-27 14:20:06.018307,1448633998
91040,493,511,2015-11-27 14:30:07.331341,2015-11-27 14:30:07.331341,1448634605
91041,493,511,2015-11-27 14:40:05.673449,2015-11-27 14:40:05.673449,1448635189
91042,494,511,2015-11-27 14:50:05.799912,2015-11-27 14:50:05.799912,1448635796
91043,493,511,2015-11-27 15:00:06.178247,2015-11-27 15:00:06.178247,1448636391
91044,492,511,2015-11-27 15:10:05.9009,2015-11-27 15:10:05.9009,1448636982
91045,493,511,2015-11-27 15:20:06.304139,2015-11-27 15:20:06.304139,1448637594
91046,493,511,2015-11-27 15:30:05.336158,2015-11-27 15:30:05.336158,1448638176
91047,493,511,2015-11-27 15:40:06.756397,2015-11-27 15:40:06.756397,1448638805
91048,493,511,2015-11-27 15:50:06.172281,2015-11-27 15:50:06.172281,1448639398
91049,493,511,2015-11-27 16:00:05.839406,2015-11-27 16:00:05.839406,1448639980
91050,494,511,2015-11-27 16:10:05.818457,2015-11-27 16:10:05.818457,1448640598
91051,494,511,2015-11-27 16:20:05.847287,2015-11-27 16:20:05.847287,1448641203
91052,494,511,2015-11-27 16:30:06.001265,2015-11-27 16:30:06.001265,1448641801
91053,494,511,2015-11-27 16:40:05.948826,2015-11-27 16:40:05.948826,1448642392
91054,494,511,2015-11-27 16:50:06.24516,2015-11-27 16:50:06.24516,1448642954
91055,494,511,2015-11-27 17:00:08.649136,2015-11-27 17:00:08.649136,1448643605
91056,494,511,2015-11-27 17:10:06.097537,2015-11-27 17:10:06.097537,1448644187
91057,494,511,2015-11-27 17:20:09.153482,2015-11-27 17:20:09.153482,1448644806
91058,494,511,2015-11-27 17:30:06.673429,2015-11-27 17:30:06.673429,1448645357
91059,494,511,2015-11-27 17:40:05.81747,2015-11-27 17:40:05.81747,1448645973
91060,494,511,2015-11-27 17:50:06.252464,2015-11-27 17:50:06.252464,1448646589
91061,494,511,2015-11-27 18:00:07.990015,2015-11-27 18:00:07.990015,1448647205
91062,494,511,2015-11-27 18:10:05.972822,2015-11-27 18:10:05.972822,1448647802
91063,494,511,2015-11-27 18:20:06.067825,2015-11-27 18:20:06.067825,1448648366
91064,494,511,2015-11-27 18:30:07.438037,2015-11-27 18:30:07.438037,1448649006
91065,494,511,2015-11-27 18:40:05.808226,2015-11-27 18:40:05.808226,1448649602
91066,494,511,2015-11-27 18:50:05.951648,2015-11-27 18:50:05.951648,1448650198
91067,494,511,2015-11-27 19:00:05.89155,2015-11-27 19:00:05.89155,1448650796
91068,494,511,2015-11-27 19:10:06.024701,2015-11-27 19:10:06.024701,1448651391
91069,494,511,2015-11-27 19:20:06.044355,2015-11-27 19:20:06.044355,1448651989
91070,494,511,2015-11-27 19:30:06.402533,2015-11-27 19:30:06.402533,1448652597
91071,494,511,2015-11-27 19:40:08.463926,2015-11-27 19:40:08.463926,1448653205
91072,494,511,2015-11-27 19:50:06.053403,2015-11-27 19:50:06.053403,1448653802
91073,496,511,2015-11-27 20:00:05.452953,2015-11-27 20:00:05.452953,1448654399
91074,496,511,2015-11-27 20:10:05.312721,2015-11-27 20:10:05.312721,1448655000
91075,496,511,2015-11-27 20:20:05.388754,2015-11-27 20:20:05.388754,1448655585
91076,496,511,2015-11-27 20:30:05.836979,2015-11-27 20:30:05.836979,1448656202
91077,496,511,2015-11-27 20:40:06.050342,2015-11-27 20:40:06.050342,1448656802
91078,496,511,2015-11-27 20:50:06.001706,2015-11-27 20:50:06.001706,1448657388
91079,496,511,2015-11-27 21:00:06.095749,2015-11-27 21:00:06.095749,1448657976
91080,496,511,2015-11-27 21:10:06.330439,2015-11-27 21:10:06.330439,1448658596
91081,496,511,2015-11-27 21:20:05.410193,2015-11-27 21:20:05.410193,1448659163
91082,496,511,2015-11-27 21:30:05.886769,2015-11-27 21:30:05.886769,1448659800
91083,496,511,2015-11-27 21:40:05.908831,2015-11-27 21:40:05.908831,1448660399
91084,496,511,2015-11-27 21:50:05.700555,2015-11-27 21:50:05.700555,1448660976
91085,496,511,2015-11-27 22:00:05.73608,2015-11-27 22:00:05.73608,1448661595
91086,496,511,2015-11-27 22:10:05.695941,2015-11-27 22:10:05.695941,1448662184
91087,496,511,2015-11-27 22:20:05.695481,2015-11-27 22:20:05.695481,1448662803
91088,496,511,2015-11-27 22:30:05.639262,2015-11-27 22:30:05.639262,1448663399
91089,496,511,2015-11-27 22:40:05.61261,2015-11-27 22:40:05.61261,1448663994
91090,496,511,2015-11-27 22:50:07.36289,2015-11-27 22:50:07.36289,1448664605
91091,496,511,2015-11-27 23:00:05.315111,2015-11-27 23:00:05.315111,1448665200
91092,496,511,2015-11-27 23:10:11.458183,2015-11-27 23:10:11.458183,1448665809
91093,496,511,2015-11-27 23:20:11.035808,2015-11-27 23:20:11.035808,1448666397
91094,496,511,2015-11-27 23:30:10.424796,2015-11-27 23:30:10.424796,1448667004
91095,496,511,2015-11-27 23:40:05.689525,2015-11-27 23:40:05.689525,1448667592
91096,496,511,2015-11-27 23:50:05.413077,2015-11-27 23:50:05.413077,1448668202
