id,citibike_station_id,latitude,longitude,label,address,created_at,updated_at
1,72,40.76727216000000000000,-73.99392888000000000000,W 52 St & 11 Ave,"",2013-07-10 23:13:54.503501,2013-07-10 23:13:54.503501
2,79,40.71911552000000000000,-74.00666661000000000000,Franklin St & W Broadway,"",2013-07-10 23:13:54.624135,2013-07-10 23:13:54.624135
3,82,40.71117416000000000000,-74.00016545000000000000,St James Pl & Pearl St,"",2013-07-10 23:13:54.635235,2013-07-10 23:13:54.635235
4,83,40.68382604000000000000,-73.97632328000000000000,Atlantic Ave & Fort Greene Pl,"",2013-07-10 23:13:54.645718,2013-07-10 23:13:54.645718
5,116,40.74177603000000000000,-74.00149746000000000000,W 17 St & 8 Ave,"",2013-07-10 23:13:54.656274,2013-07-10 23:13:54.656274
6,119,40.69608941000000000000,-73.97803415000000000000,Park Ave & St Edwards St,"",2013-07-10 23:13:54.666529,2013-07-10 23:13:54.666529
7,120,40.68676793000000000000,-73.95928168000000000000,Lexington Ave & Classon Ave,"",2013-07-10 23:13:54.677124,2013-07-10 23:13:54.677124
8,127,40.73172428000000000000,-74.00674436000000000000,Barrow St & Hudson St,"",2013-07-10 23:13:54.687832,2013-07-10 23:13:54.687832
9,128,40.72710258000000000000,-74.00297088000001000000,MacDougal St & Prince St,"",2013-07-10 23:13:54.699296,2013-07-10 23:13:54.699296
10,137,40.71425541000000000000,-73.98130841000000000000,Henry St & Grand St,"",2013-07-10 23:13:54.709687,2013-07-10 23:13:54.709687
11,143,40.69239502000000000000,-73.99337909000000000000,Clinton St & Joralemon St,"",2013-07-10 23:13:54.720486,2013-07-10 23:13:54.720486
12,144,40.69839895000000000000,-73.98068914000000000000,Nassau St & Navy St,"",2013-07-10 23:13:54.731216,2013-07-10 23:13:54.731216
13,146,40.71625008000000000000,-74.00910589999999000000,Hudson St & Reade St,"",2013-07-10 23:13:54.741802,2013-07-10 23:13:54.741802
14,147,40.71542197000000000000,-74.01121978000000000000,Greenwich St & Warren St,"",2013-07-10 23:13:54.752358,2013-07-10 23:13:54.752358
15,150,40.72087360000000000000,-73.98085795000000000000,E 2 St & Avenue C,"",2013-07-10 23:13:54.786502,2013-07-10 23:13:54.786502
16,151,40.72181580000000000000,-73.99720307000000000000,Cleveland Pl & Spring St,"",2013-07-10 23:13:54.797724,2013-07-10 23:13:54.797724
17,152,40.71473993000000000000,-74.00910627000000000000,Warren St & Church St,"",2013-07-10 23:13:54.834356,2013-07-10 23:13:54.834356
18,153,40.75206230700000000000,-73.98163240430000000000,E 40 St & 5 Ave,"",2013-07-10 23:13:54.846325,2013-07-10 23:13:54.846325
19,157,40.69089272000000000000,-73.99612349000000000000,Henry St & Atlantic Ave,"",2013-07-10 23:13:54.881035,2013-07-10 23:13:54.881035
20,160,40.74830600000000000000,-73.97804499999999000000,E 37 St & Lexington Ave,"",2013-07-10 23:13:54.892337,2013-07-10 23:13:54.892337
21,161,40.72917025000000000000,-73.99810230999999000000,LaGuardia Pl & W 3 St,"",2013-07-10 23:13:54.904084,2013-07-10 23:13:54.904084
22,164,40.75323098000000000000,-73.97032517000000000000,E 47 St & 2 Ave,"",2013-07-10 23:13:54.933381,2013-07-10 23:13:54.933381
23,167,40.74890060000000000000,-73.97604882000000000000,E 39 St & 3 Av,"",2013-07-10 23:13:54.945129,2013-07-10 23:13:54.945129
24,168,40.73971301000000000000,-73.99456404999999000000,W 18 St & 6 Av,"",2013-07-10 23:13:54.959677,2013-07-10 23:13:54.959677
25,173,40.76064679000000000000,-73.98442659000000000000,Broadway & W 49 St,"",2013-07-10 23:13:54.970996,2013-07-10 23:13:54.970996
26,174,40.73817650000000000000,-73.97738662000000000000,E 25 St & 1 Ave,"",2013-07-10 23:13:54.983639,2013-07-10 23:13:54.983639
27,195,40.70905623000000000000,-74.01043382000000000000,Liberty St & Broadway,"",2013-07-10 23:13:54.997045,2013-07-10 23:13:54.997045
28,212,40.74334935000000000000,-74.00681753000001000000,W 16 St & The High Line,"",2013-07-10 23:13:55.009708,2013-07-10 23:13:55.009708
29,216,40.70037867000000000000,-73.99548059000000000000,Columbia Heights & Cranberry St,"",2013-07-10 23:13:55.022194,2013-07-10 23:13:55.022194
30,217,40.70277159000000000000,-73.99383605000000000000,Old Fulton St,"",2013-07-10 23:13:55.033664,2013-07-10 23:13:55.033664
31,218,40.69028437000000000000,-73.98707105000000000000,Gallatin Pl & Livingston St,"",2013-07-10 23:13:55.044602,2013-07-10 23:13:55.044602
32,223,40.73781509000000000000,-73.99994660999999000000,W 13 St & 7 Ave,"",2013-07-10 23:13:55.081832,2013-07-10 23:13:55.081832
33,224,40.71146364000000000000,-74.00552427000000000000,Spruce St & Nassau St,"",2013-07-10 23:13:55.092984,2013-07-10 23:13:55.092984
34,225,40.74195138000000000000,-74.00803012999999000000,W 14 St & The High Line,"",2013-07-10 23:13:55.103822,2013-07-10 23:13:55.103822
35,228,40.75460110260000000000,-73.97187885500000000000,E 48 St & 3 Ave,"",2013-07-10 23:13:55.115854,2013-07-10 23:13:55.115854
36,229,40.72743423000000000000,-73.99379025000000000000,Great Jones St,"",2013-07-10 23:13:55.127995,2013-07-10 23:13:55.127995
37,232,40.69597683000000000000,-73.99014892000000000000,Cadman Plaza E & Tillary St,"",2013-07-10 23:13:55.139308,2013-07-10 23:13:55.139308
38,233,40.69246277000000000000,-73.98963911000000000000,Joralemon St & Adams St,"",2013-07-10 23:13:55.151826,2013-07-10 23:13:55.151826
39,236,40.72841860000000000000,-73.98713956000000000000,St Marks Pl & 2 Ave,"",2013-07-10 23:13:55.162466,2013-07-10 23:13:55.162466
40,237,40.73047309000000000000,-73.98672378000001000000,E 11 Street & 2 Avenue,"",2013-07-10 23:13:55.173369,2013-07-10 23:13:55.173369
41,238,40.73619670000000000000,-74.00859207000001000000,Bank St & Washington St,"",2013-07-10 23:13:55.184202,2013-07-10 23:13:55.184202
42,239,40.69196566000000000000,-73.98130180000000000000,Wiloughby St & Fleet St,"",2013-07-10 23:13:55.195166,2013-07-10 23:13:55.195166
43,241,40.68981035000000000000,-73.97493120999999000000,DeKalb Ave & S Portland Ave,"",2013-07-10 23:13:55.206156,2013-07-10 23:13:55.206156
44,242,40.69788349000000000000,-73.97350332000001000000,Flushing Ave & Carlton Ave,"",2013-07-10 23:13:55.246978,2013-07-10 23:13:55.246978
45,243,40.68866384000000000000,-73.98051836000000000000,Flatbush Ave & Fulton St,"",2013-07-10 23:13:55.257902,2013-07-10 23:13:55.257902
46,244,40.69196035000000000000,-73.96536851000000000000,Willoughby Ave & Hall St,"",2013-07-10 23:13:55.271107,2013-07-10 23:13:55.271107
47,245,40.69327018000000000000,-73.97703874000000000000,Myrtle Ave & St Edwards St,"",2013-07-10 23:13:55.281697,2013-07-10 23:13:55.281697
48,247,40.73535398000000000000,-74.00483091000000000000,Perry St & Bleecker St,"",2013-07-10 23:13:55.292533,2013-07-10 23:13:55.292533
49,248,40.72185379000000000000,-74.00771779000000000000,Laight St & Hudson St,"",2013-07-10 23:13:55.303023,2013-07-10 23:13:55.303023
50,249,40.71870987000000000000,-74.00900090000000000000,Harrison St & Hudson St,"",2013-07-10 23:13:55.313411,2013-07-10 23:13:55.313411
51,250,40.72456089000000000000,-73.99565293000001000000,Lafayette St & Jersey St,"",2013-07-10 23:13:55.32382,2013-07-10 23:13:55.32382
52,251,40.72317958000000000000,-73.99480011999999000000,Mott St & Prince St,"",2013-07-10 23:13:55.334159,2013-07-10 23:13:55.334159
53,252,40.73226398000000000000,-73.99852205000001000000,MacDougal St & Washington Sq,"",2013-07-10 23:13:55.345592,2013-07-10 23:13:55.345592
54,253,40.73543934000000000000,-73.99453948000000000000,W 13 St & 5 Ave,"",2013-07-10 23:13:55.356155,2013-07-10 23:13:55.356155
55,254,40.73532427000000000000,-73.99800419000000000000,W 11 St & 6 Ave,"",2013-07-10 23:13:55.366776,2013-07-10 23:13:55.366776
56,257,40.71939226000000000000,-74.00247213999999000000,Lispenard St & Broadway,"",2013-07-10 23:13:55.378306,2013-07-10 23:13:55.378306
57,258,40.68940747000000000000,-73.96885458000000000000,DeKalb Ave & Vanderbilt Ave,"",2013-07-10 23:13:55.388643,2013-07-10 23:13:55.388643
58,259,40.70122128000000000000,-74.01234218000000000000,South St & Whitehall St,"",2013-07-10 23:13:55.399452,2013-07-10 23:13:55.399452
59,260,40.70365182000000000000,-74.01167796999999000000,Broad St & Bridge St,"",2013-07-10 23:13:55.410772,2013-07-10 23:13:55.410772
60,261,40.69474881000000000000,-73.98362464000000000000,Johnson St & Gold St,"",2013-07-10 23:13:55.439944,2013-07-10 23:13:55.439944
61,262,40.69178232000000000000,-73.97372989000000000000,Washington Park,"",2013-07-10 23:13:55.451549,2013-07-10 23:13:55.451549
62,263,40.71729000000000000000,-73.99637500000000000000,Elizabeth St & Hester St,"",2013-07-10 23:13:55.462587,2013-07-10 23:13:55.462587
63,264,40.70706456000000000000,-74.00731853000001000000,Maiden Ln & Pearl St,"",2013-07-10 23:13:55.491921,2013-07-10 23:13:55.491921
64,265,40.72229346000000000000,-73.99147535000000000000,Stanton St & Chrystie St,"",2013-07-10 23:13:55.503453,2013-07-10 23:13:55.503453
65,266,40.72368361000000000000,-73.97574813000000000000,Avenue D & E 8 St,"",2013-07-10 23:13:55.514353,2013-07-10 23:13:55.514353
66,267,40.75097711000000000000,-73.98765428000000000000,Broadway & W 36 St,"",2013-07-10 23:13:55.545006,2013-07-10 23:13:55.545006
67,268,40.71910537000000000000,-73.99973337000000000000,Howard St & Centre St,"",2013-07-10 23:13:55.555649,2013-07-10 23:13:55.555649
68,270,40.69308257000000000000,-73.97178913000000000000,Adelphi St & Myrtle Ave,"",2013-07-10 23:13:55.566647,2013-07-10 23:13:55.566647
69,271,40.68528172000000000000,-73.97805812999999000000,Ashland Pl & Hanson Pl,"",2013-07-10 23:13:55.577258,2013-07-10 23:13:55.577258
70,274,40.68691865000000000000,-73.97668200000000000000,Lafayette Ave & Fort Greene Pl,"",2013-07-10 23:13:55.587586,2013-07-10 23:13:55.587586
71,275,40.68650065000000000000,-73.96563307000000000000,Washington Ave & Greene Ave,"",2013-07-10 23:13:55.597966,2013-07-10 23:13:55.597966
72,276,40.71748752000000000000,-74.01045540000000000000,Duane St & Greenwich St,"",2013-07-10 23:13:55.608714,2013-07-10 23:13:55.608714
73,278,40.69766564000000000000,-73.98476436999999000000,Concord St & Bridge St,"",2013-07-10 23:13:55.619537,2013-07-10 23:13:55.619537
74,279,40.69986937000000000000,-73.98271932999999000000,Sands St & Gold St,"",2013-07-10 23:13:55.630147,2013-07-10 23:13:55.630147
75,280,40.73331967000000000000,-73.99510132000000000000,E 10 St & 5 Ave,"",2013-07-10 23:13:55.643228,2013-07-10 23:13:55.643228
76,281,40.76439710000000000000,-73.97371465000001000000,Grand Army Plaza & Central Park S,"",2013-07-10 23:13:55.653628,2013-07-10 23:13:55.653628
77,282,40.70827295000000000000,-73.96834101000000000000,Kent Ave & S 11 St,"",2013-07-10 23:13:55.664123,2013-07-10 23:13:55.664123
78,284,40.73901691210000000000,-74.00263761030000000000,Greenwich Ave & 8 Ave,"",2013-07-10 23:13:55.674633,2013-07-10 23:13:55.674633
79,285,40.73454567000000000000,-73.99074142000001000000,Broadway & E 14 St,"",2013-07-10 23:13:55.685822,2013-07-10 23:13:55.685822
80,289,40.68456830000000000000,-73.95881081000000000000,Monroe St & Classon Ave,"",2013-07-10 23:13:55.696519,2013-07-10 23:13:55.696519
81,290,40.76020258000000000000,-73.96478473000001000000,2 Ave & E 58 St,"",2013-07-10 23:13:55.707038,2013-07-10 23:13:55.707038
82,291,40.71312600000000000000,-73.98484400000000000000,Madison St & Montgomery St,"",2013-07-10 23:13:55.717764,2013-07-10 23:13:55.717764
83,293,40.73028666000000000000,-73.99076470000000000000,Lafayette St & E 8 St,"",2013-07-10 23:13:55.731483,2013-07-10 23:13:55.731483
84,294,40.73049393000000000000,-73.99572139999999000000,Washington Square E,"",2013-07-10 23:13:55.74226,2013-07-10 23:13:55.74226
85,295,40.71406667000000000000,-73.99293910999999000000,Pike St & E Broadway,"",2013-07-10 23:13:55.753306,2013-07-10 23:13:55.753306
86,296,40.71413089000000000000,-73.99704680000001000000,Division St & Bowery,"",2013-07-10 23:13:55.763707,2013-07-10 23:13:55.763707
87,297,40.73423200000000000000,-73.98692300000000000000,E 15 St & 3 Ave,"",2013-07-10 23:13:55.774741,2013-07-10 23:13:55.774741
88,298,40.68683208000000000000,-73.97967720000000000000,3 Ave & Flatbush Ave,"",2013-07-10 23:13:55.785346,2013-07-10 23:13:55.785346
89,300,40.72898410000000000000,-73.99051867999999000000,Cooper Square & E 7 St,"",2013-07-10 23:13:55.795892,2013-07-10 23:13:55.795892
90,301,40.72217444000000000000,-73.98368779000000000000,E 2 St & Avenue B,"",2013-07-10 23:13:55.808426,2013-07-10 23:13:55.808426
91,302,40.72082834000000000000,-73.97793172000000000000,Avenue D & E 3 St,"",2013-07-10 23:13:55.81943,2013-07-10 23:13:55.81943
92,303,40.72362738000000000000,-73.99949601000000000000,Mercer St & Spring St,"",2013-07-10 23:13:55.830042,2013-07-10 23:13:55.830042
93,304,40.70463334000000000000,-74.01361706000000000000,Broadway & Battery Pl,"",2013-07-10 23:13:55.861852,2013-07-10 23:13:55.861852
94,305,40.76095756000000000000,-73.96724467000000000000,E 58 St and 3 Ave,"",2013-07-10 23:13:55.873674,2013-07-10 23:13:55.873674
95,306,40.70823502000000000000,-74.00530062999999000000,Cliff St & Fulton St,"",2013-07-10 23:13:55.88607,2013-07-10 23:13:55.88607
96,307,40.71427487000000000000,-73.98990025000001000000,Canal St & Rutgers St,"",2013-07-10 23:13:55.898161,2013-07-10 23:13:55.898161
97,308,40.71307916000000000000,-73.99851193000001000000,St James Pl & Oliver St,"",2013-07-10 23:13:55.910594,2013-07-10 23:13:55.910594
98,309,40.71497870000000000000,-74.01301200000000000000,Murray St & West St,"",2013-07-10 23:13:55.924276,2013-07-10 23:13:55.924276
99,310,40.68926942000000000000,-73.98912867000000000000,State St & Smith St,"",2013-07-10 23:13:55.937048,2013-07-10 23:13:55.937048
100,311,40.71722740000000000000,-73.98802084000000000000,Norfolk St & Broome St,"",2013-07-10 23:13:55.949296,2013-07-10 23:13:55.949296
101,312,40.72263214000000000000,-73.98887365000000000000,Allen St & E Houston St,"",2013-07-10 23:13:55.961466,2013-07-10 23:13:55.961466
102,313,40.69610226000000000000,-73.96751037000000000000,Washington Ave & Park Ave,"",2013-07-10 23:13:55.973698,2013-07-10 23:13:55.973698
103,314,40.69424674000000000000,-73.99215922000000000000,Montague St & Clinton St,"",2013-07-10 23:13:55.986188,2013-07-10 23:13:55.986188
104,315,40.70355377000000000000,-74.00670227000001000000,South St & Gouverneur Ln,"",2013-07-10 23:13:55.998356,2013-07-10 23:13:55.998356
105,316,40.70955958000000000000,-74.00653609000000000000,Fulton St & William St,"",2013-07-10 23:13:56.012243,2013-07-10 23:13:56.012243
106,317,40.72453734000000000000,-73.98185424000000000000,E 6 St & Avenue B,"",2013-07-10 23:13:56.024342,2013-07-10 23:13:56.024342
107,318,40.75320159000000000000,-73.97798740000000000000,E 43 St & Vanderbilt Ave,"",2013-07-10 23:13:56.036579,2013-07-10 23:13:56.036579
108,319,40.71336124000000000000,-74.00937621999999000000,Park Pl & Church St,"",2013-07-10 23:13:56.049357,2013-07-10 23:13:56.049357
109,320,40.71743998000000000000,-74.00583475000001000000,Church St & Leonard St,"",2013-07-10 23:13:56.06177,2013-07-10 23:13:56.06177
110,321,40.69991755000000000000,-73.98971773000000000000,Cadman Plaza E & Red Cross Pl,"",2013-07-10 23:13:56.074474,2013-07-10 23:13:56.074474
111,322,40.69619200000000000000,-73.99121800000000000000,Clinton St & Tillary St,"",2013-07-10 23:13:56.086866,2013-07-10 23:13:56.086866
112,323,40.69236178000000000000,-73.98631746000000000000,Lawrence St & Willoughby St,"",2013-07-10 23:13:56.10025,2013-07-10 23:13:56.10025
113,324,40.68988800000000000000,-73.98101300000000000000,DeKalb Ave & Hudson Ave,"",2013-07-10 23:13:56.112346,2013-07-10 23:13:56.112346
114,325,40.73624527000000000000,-73.98473765000000000000,E 19 St & 3 Ave,"",2013-07-10 23:13:56.124861,2013-07-10 23:13:56.124861
115,326,40.72953837000000000000,-73.98426726000000000000,E 11 St & 1 Ave,"",2013-07-10 23:13:56.13732,2013-07-10 23:13:56.13732
116,327,40.71533790000000000000,-74.01658354000000000000,Vesey Pl & River Terrace,"",2013-07-10 23:13:56.150885,2013-07-10 23:13:56.150885
117,328,40.72405549000000000000,-74.00965965000000000000,Watts St & Greenwich St,"",2013-07-10 23:13:56.163298,2013-07-10 23:13:56.163298
118,329,40.72043411000000000000,-74.01020609000000000000,Greenwich St & N Moore St,"",2013-07-10 23:13:56.176172,2013-07-10 23:13:56.176172
119,330,40.71450451000000000000,-74.00562789000000000000,Reade St & Broadway,"",2013-07-10 23:13:56.188675,2013-07-10 23:13:56.188675
120,331,40.71173107000000000000,-73.99193043000000000000,Pike St & Monroe St,"",2013-07-10 23:13:56.201454,2013-07-10 23:13:56.201454
121,332,40.71219906000000000000,-73.97948148000000000000,Cherry St,"",2013-07-10 23:13:56.213957,2013-07-10 23:13:56.213957
122,334,40.74238787000000000000,-73.99726235000000000000,W 20 St & 7 Ave,"",2013-07-10 23:13:56.226036,2013-07-10 23:13:56.226036
123,335,40.72903917000000000000,-73.99404649000000000000,Washington Pl & Broadway,"",2013-07-10 23:13:56.238344,2013-07-10 23:13:56.238344
124,336,40.73047747000000000000,-73.99906065000000000000,Sullivan St & Washington Sq,"",2013-07-10 23:13:56.250548,2013-07-10 23:13:56.250548
125,337,40.70379920000000000000,-74.00838675999999000000,Old Slip & Front St,"",2013-07-10 23:13:56.263001,2013-07-10 23:13:56.263001
126,339,40.72580614000000000000,-73.97422494000000000000,Avenue D & E 12 St,"",2013-07-10 23:13:56.275096,2013-07-10 23:13:56.275096
127,340,40.71269042000000000000,-73.98776323000000000000,Madison St & Clinton St,"",2013-07-10 23:13:56.288719,2013-07-10 23:13:56.288719
128,341,40.71782143000000000000,-73.97628939000001000000,Stanton St & Mangin St,"",2013-07-10 23:13:56.301551,2013-07-10 23:13:56.301551
129,342,40.71739973000000000000,-73.98016555000000000000,Columbia St & Rivington St,"",2013-07-10 23:13:56.313881,2013-07-10 23:13:56.313881
130,343,40.69794000000000000000,-73.96986848000000000000,Clinton Ave & Flushing Ave,"",2013-07-10 23:13:56.326247,2013-07-10 23:13:56.326247
131,344,40.68514430000000000000,-73.95380904000000000000,Monroe St & Bedford Ave,"",2013-07-10 23:13:56.338463,2013-07-10 23:13:56.338463
132,345,40.73649403000000000000,-73.99704374000000000000,W 13 St & 6 Ave,"",2013-07-10 23:13:56.3508,2013-07-10 23:13:56.3508
133,346,40.73652889000000000000,-74.00618025999999000000,Bank St & Hudson St,"",2013-07-10 23:13:56.362662,2013-07-10 23:13:56.362662
134,347,40.72873888000000000000,-74.00748842000000000000,W Houston St & Hudson St,"",2013-07-10 23:13:56.376217,2013-07-10 23:13:56.376217
135,348,40.72490985000000000000,-74.00154702000000000000,W Broadway & Spring St,"",2013-07-10 23:13:56.388317,2013-07-10 23:13:56.388317
136,349,40.71850211000000000000,-73.98329859000000000000,Rivington St and Ridge St,"",2013-07-10 23:13:56.400482,2013-07-10 23:13:56.400482
137,350,40.71559509000000000000,-73.98702950000001000000,Clinton St & Grand St,"",2013-07-10 23:13:56.441146,2013-07-10 23:13:56.441146
138,351,40.70530954000000000000,-74.00612572000000000000,Front St & Maiden Ln,"",2013-07-10 23:13:56.477174,2013-07-10 23:13:56.477174
139,352,40.76340613000000000000,-73.97722478999999000000,W 56 St & 6 Ave,"",2013-07-10 23:13:56.488936,2013-07-10 23:13:56.488936
140,353,40.68539567000000000000,-73.97431458000000000000,S Portland Ave & Hanson Pl,"",2013-07-10 23:13:56.500131,2013-07-10 23:13:56.500131
141,354,40.69363137000000000000,-73.96223558000000000000,Myrtle Ave & Emerson Pl,"",2013-07-10 23:13:56.515713,2013-07-10 23:13:56.515713
142,355,40.71602118000000000000,-73.99974372000000000000,Bayard St & Baxter St,"",2013-07-10 23:13:56.527018,2013-07-10 23:13:56.527018
143,356,40.71622644000000000000,-73.98261205999999000000,Bialystoker Pl & Delancey St,"",2013-07-10 23:13:56.54179,2013-07-10 23:13:56.54179
144,357,40.73261787000000000000,-73.99158043000000000000,E 11 St & Broadway,"",2013-07-10 23:13:56.554303,2013-07-10 23:13:56.554303
145,358,40.73291553000000000000,-74.00711384000000000000,Christopher St & Greenwich St,"",2013-07-10 23:13:56.566817,2013-07-10 23:13:56.566817
146,359,40.75510267000000000000,-73.97498696000000000000,E 47 St & Park Av,"",2013-07-10 23:13:56.577842,2013-07-10 23:13:56.577842
147,360,40.70717936000000000000,-74.00887308000000000000,William St & Pine St,"",2013-07-10 23:13:56.58966,2013-07-10 23:13:56.58966
148,361,40.71605866000000000000,-73.99190759000000000000,Allen St & Hester St,"",2013-07-10 23:13:56.600681,2013-07-10 23:13:56.600681
149,362,40.75172632000000000000,-73.98753523000001000000,Broadway & W 37 St,"",2013-07-10 23:13:56.635989,2013-07-10 23:13:56.635989
150,363,40.70834698000000000000,-74.01713445000000000000,West Thames St,"",2013-07-10 23:13:56.646943,2013-07-10 23:13:56.646943
151,364,40.68900443000000000000,-73.96023854000001000000,Lafayette Ave & Classon Ave,"",2013-07-10 23:13:56.658664,2013-07-10 23:13:56.658664
152,365,40.68223166000000000000,-73.96145830000000000000,Fulton St & Grand Ave,"",2013-07-10 23:13:56.670111,2013-07-10 23:13:56.670111
153,366,40.69326100000000000000,-73.96889600000000000000,Clinton Ave & Myrtle Ave,"",2013-07-10 23:13:56.68136,2013-07-10 23:13:56.68136
154,367,40.75828065000000000000,-73.97069431000000000000,E 53 St and Lexington Ave,"",2013-07-10 23:13:56.691732,2013-07-10 23:13:56.691732
155,368,40.73038599000000000000,-74.00214988000000000000,Carmine St & 6 Ave,"",2013-07-10 23:13:56.702528,2013-07-10 23:13:56.702528
156,369,40.73224119000000000000,-74.00026394000000000000,Washington Pl & 6 Ave,"",2013-07-10 23:13:56.715873,2013-07-10 23:13:56.715873
157,372,40.69452800000000000000,-73.95808900000000000000,Franklin Ave & Myrtle Ave,"",2013-07-10 23:13:56.726658,2013-07-10 23:13:56.726658
158,373,40.69331716000000000000,-73.95381995000000000000,Willoughby Ave & Walworth St,"",2013-07-10 23:13:56.737496,2013-07-10 23:13:56.737496
159,375,40.72679454000000000000,-73.99695094000000000000,Mercer St & Bleecker St,"",2013-07-10 23:13:56.747992,2013-07-10 23:13:56.747992
160,376,40.70862144000000000000,-74.00722156000000000000,John St & William St,"",2013-07-10 23:13:56.758999,2013-07-10 23:13:56.758999
161,377,40.72243797000000000000,-74.00566443000000000000,6 Ave & Canal St,"",2013-07-10 23:13:56.769894,2013-07-10 23:13:56.769894
162,379,40.74915600000000000000,-73.99160000000001000000,W 31 St & 7 Ave,"",2013-07-10 23:13:56.780567,2013-07-10 23:13:56.780567
163,380,40.73401143000000000000,-74.00293877000000000000,W 4 St & 7 Ave S,"",2013-07-10 23:13:56.791382,2013-07-10 23:13:56.791382
164,382,40.73492695000000000000,-73.99200509000001000000,University Pl & E 14 St,"",2013-07-10 23:13:56.803212,2013-07-10 23:13:56.803212
165,383,40.73625106000000000000,-74.00083692000000000000,Greenwich Ave & 7 Ave,"",2013-07-10 23:13:56.813808,2013-07-10 23:13:56.813808
166,384,40.68317813000000000000,-73.96596409999999000000,Fulton St & Waverly Ave,"",2013-07-10 23:13:56.824741,2013-07-10 23:13:56.824741
167,385,40.75797322000000000000,-73.96603308000000000000,E 55 St & 2 Ave,"",2013-07-10 23:13:56.835968,2013-07-10 23:13:56.835968
168,386,40.71494807000000000000,-74.00234482000000000000,Centre St & Worth St,"",2013-07-10 23:13:56.846699,2013-07-10 23:13:56.846699
169,387,40.71273266000000000000,-74.00460730000000000000,Centre St & Chambers St,"",2013-07-10 23:13:56.857472,2013-07-10 23:13:56.857472
170,388,40.74971775300000000000,-74.00295034600001000000,W 26 St & 10 Ave,"",2013-07-10 23:13:56.867883,2013-07-10 23:13:56.867883
171,389,40.71044554000000000000,-73.96525063000000000000,Broadway & Berry St,"",2013-07-10 23:13:56.879439,2013-07-10 23:13:56.879439
172,390,40.69221589000000000000,-73.98428440000001000000,Duffield St & Willoughby St,"",2013-07-10 23:13:56.889836,2013-07-10 23:13:56.889836
173,391,40.69760127000000000000,-73.99344558999999000000,Clark St & Henry St,"",2013-07-10 23:13:56.900307,2013-07-10 23:13:56.900307
174,392,40.69507866000000000000,-73.98724780000001000000,Jay St & Tech Pl,"",2013-07-10 23:13:56.911175,2013-07-10 23:13:56.911175
175,393,40.72299208000000000000,-73.97995466000000000000,E 5 St & Avenue C,"",2013-07-10 23:13:56.921638,2013-07-10 23:13:56.921638
176,394,40.72521311000000000000,-73.97768752000000000000,E 9 St & Avenue C,"",2013-07-10 23:13:56.95556,2013-07-10 23:13:56.95556
177,395,40.68807003000000000000,-73.98410637000001000000,Bond St & Schermerhorn St,"",2013-07-10 23:13:56.967476,2013-07-10 23:13:56.967476
178,396,40.68034242300000000000,-73.95576893920000000000,Lefferts Pl & Franklin Ave,"",2013-07-10 23:13:56.979753,2013-07-10 23:13:56.979753
179,397,40.68415748000000000000,-73.96922273000000000000,Fulton St & Clermont Ave,"",2013-07-10 23:13:56.991193,2013-07-10 23:13:56.991193
180,398,40.69165183000000000000,-73.99997860000001000000,Atlantic Ave & Furman St,"",2013-07-10 23:13:57.00201,2013-07-10 23:13:57.00201
181,399,40.68851534000000000000,-73.96476280000000000000,St James Pl & Lafayette Ave,"",2013-07-10 23:13:57.01262,2013-07-10 23:13:57.01262
182,400,40.71926081000000000000,-73.98178024000001000000,Pitt St & Stanton St,"",2013-07-10 23:13:57.023119,2013-07-10 23:13:57.023119
183,401,40.72019576000000000000,-73.98997824999999000000,Allen St & Rivington St,"",2013-07-10 23:13:57.03361,2013-07-10 23:13:57.03361
184,402,40.74034320000000000000,-73.98955109000001000000,Broadway & E 22 St,"",2013-07-10 23:13:57.044415,2013-07-10 23:13:57.044415
185,403,40.72502876000000000000,-73.99069656000000000000,E 2 St & 2 Ave,"",2013-07-10 23:13:57.055421,2013-07-10 23:13:57.055421
186,404,40.74058260000000000000,-74.00550867000000000000,9 Ave & W 14 St,"",2013-07-10 23:13:57.067521,2013-07-10 23:13:57.067521
187,405,40.73932300000000000000,-74.00811899999999000000,Washington St & Gansevoort St,"",2013-07-10 23:13:57.101043,2013-07-10 23:13:57.101043
188,406,40.69512845000000000000,-73.99595065000000000000,Hicks St & Montague St,"",2013-07-10 23:13:57.113452,2013-07-10 23:13:57.113452
189,407,40.70046900000000000000,-73.99145400000000000000,Henry St & Poplar St,"",2013-07-10 23:13:57.126237,2013-07-10 23:13:57.126237
190,408,40.71076228000000000000,-73.99400398000000000000,Market St & Cherry St,"",2013-07-10 23:13:57.138306,2013-07-10 23:13:57.138306
191,409,40.69064950000000000000,-73.95643106999999000000,DeKalb Ave & Skillman St,"",2013-07-10 23:13:57.150579,2013-07-10 23:13:57.150579
192,410,40.72066442000000000000,-73.98517977000000000000,Suffolk St & Stanton St,"",2013-07-10 23:13:57.162883,2013-07-10 23:13:57.162883
193,411,40.72228087000000000000,-73.97668709000000000000,E 6 St & Avenue D,"",2013-07-10 23:13:57.176627,2013-07-10 23:13:57.176627
194,412,40.71581550000000000000,-73.99422366000000000000,Forsyth St & Canal St,"",2013-07-10 23:13:57.189546,2013-07-10 23:13:57.189546
195,414,40.70281858000000000000,-73.98765761999999000000,Pearl St & Anchorage Pl,"",2013-07-10 23:13:57.202177,2013-07-10 23:13:57.202177
196,415,40.70471770000000000000,-74.00926027000000000000,Pearl St & Hanover Square,"",2013-07-10 23:13:57.214181,2013-07-10 23:13:57.214181
197,416,40.68753406000000000000,-73.97265183000000000000,Cumberland St & Lafayette Ave,"",2013-07-10 23:13:57.226239,2013-07-10 23:13:57.226239
198,417,40.71291224000000000000,-74.01020234000001000000,Barclay St & Church St,"",2013-07-10 23:13:57.238918,2013-07-10 23:13:57.238918
199,418,40.70224000000000000000,-73.98257800000000000000,Front St & Gold St,"",2013-07-10 23:13:57.269139,2013-07-10 23:13:57.269139
200,419,40.69580705000000000000,-73.97355569000000000000,Carlton Ave & Park Ave,"",2013-07-10 23:13:57.28399,2013-07-10 23:13:57.28399
201,420,40.68764484000000000000,-73.96968902000000000000,Clermont Ave & Lafayette Ave,"",2013-07-10 23:13:57.317007,2013-07-10 23:13:57.317007
202,421,40.69573398000000000000,-73.97129667999999000000,Clermont Ave & Park Ave,"",2013-07-10 23:13:57.330472,2013-07-10 23:13:57.330472
203,422,40.77051300000000000000,-73.98803800000000000000,W 59 St & 10 Ave,"",2013-07-10 23:13:57.363605,2013-07-10 23:13:57.363605
204,423,40.76584941000000000000,-73.98690506000000000000,W 54 St & 9 Ave,"",2013-07-10 23:13:57.377021,2013-07-10 23:13:57.377021
205,426,40.71754834000000000000,-74.01322069000000000000,West St & Chambers St,"",2013-07-10 23:13:57.412401,2013-07-10 23:13:57.412401
206,427,40.70251526000000000000,-74.01427022999999000000,State St,"",2013-07-10 23:13:57.425678,2013-07-10 23:13:57.425678
207,428,40.72467721000000000000,-73.98783413000000000000,E 3 St & 1 Ave,"",2013-07-10 23:13:57.438894,2013-07-10 23:13:57.438894
208,430,40.70148510000000000000,-73.98656928000000000000,York St & Jay St,"",2013-07-10 23:13:57.47356,2013-07-10 23:13:57.47356
209,431,40.68864636000000000000,-73.98263428999999000000,Hanover Pl & Livingston St,"",2013-07-10 23:13:57.487131,2013-07-10 23:13:57.487131
210,432,40.72621788000000000000,-73.98379855000000000000,E 7 St & Avenue A,"",2013-07-10 23:13:57.523506,2013-07-10 23:13:57.523506
211,433,40.72955361000000000000,-73.98057249000000000000,E 13 St & Avenue A,"",2013-07-10 23:13:57.536454,2013-07-10 23:13:57.536454
212,434,40.74317449000000000000,-74.00366443000000000000,9 Ave & W 18 St,"",2013-07-10 23:13:57.549344,2013-07-10 23:13:57.549344
213,435,40.74173969000000000000,-73.99415556000000000000,W 21 St & 6 Ave,"",2013-07-10 23:13:57.563148,2013-07-10 23:13:57.563148
214,436,40.68216564000000000000,-73.95399026000000000000,Hancock St & Bedford Ave,"",2013-07-10 23:13:57.578251,2013-07-10 23:13:57.578251
215,437,40.68098338540000000000,-73.95004797590001000000,Macon St & Nostrand Ave,"",2013-07-10 23:13:57.598452,2013-07-10 23:13:57.598452
216,438,40.72779126000000000000,-73.98564945000000000000,St Marks Pl & 1 Ave,"",2013-07-10 23:13:57.612877,2013-07-10 23:13:57.612877
217,439,40.72628070000000000000,-73.98978040999999000000,E 4 St & 2 Ave,"",2013-07-10 23:13:57.625406,2013-07-10 23:13:57.625406
218,440,40.75255434000000000000,-73.97282625000000000000,E 45 St & 3 Ave,"",2013-07-10 23:13:57.637787,2013-07-10 23:13:57.637787
219,441,40.75601910000000000000,-73.96744628000000000000,E 52 St & 2 Ave,"",2013-07-10 23:13:57.651014,2013-07-10 23:13:57.651014
220,442,40.74684160000000000000,-73.99445897000000000000,W 27 St & 7 Ave,"",2013-07-10 23:13:57.663279,2013-07-10 23:13:57.663279
221,443,40.70853074000000000000,-73.96408963000000000000,Bedford Ave & S 9 St,"",2013-07-10 23:13:57.693308,2013-07-10 23:13:57.693308
222,444,40.74235430000000000000,-73.98915076000000000000,Broadway & W 24 St,"",2013-07-10 23:13:57.706705,2013-07-10 23:13:57.706705
223,445,40.72740794000000000000,-73.98142006000000000000,E 10 St & Avenue A,"",2013-07-10 23:13:57.720538,2013-07-10 23:13:57.720538
224,446,40.74487634000000000000,-73.99529885000000000000,W 24 St & 7 Ave,"",2013-07-10 23:13:57.751252,2013-07-10 23:13:57.751252
225,447,40.76370739000000000000,-73.98516150000000000000,8  Ave & W 52 St,"",2013-07-10 23:13:57.763508,2013-07-10 23:13:57.763508
226,448,40.75660359000000000000,-73.99790090000000000000,W 37 St & 10 Ave,"",2013-07-10 23:13:57.775855,2013-07-10 23:13:57.775855
227,449,40.76461837000000000000,-73.98789472999999000000,52 St & 9 Ave,"",2013-07-10 23:13:57.811545,2013-07-10 23:13:57.811545
228,450,40.76227205000000000000,-73.98788205000000000000,W 49 St & 8 Ave,"",2013-07-10 23:13:57.82532,2013-07-10 23:13:57.82532
229,453,40.74475148000000000000,-73.99915362000000000000,W 22 St & 8 Ave,"",2013-07-10 23:13:57.839158,2013-07-10 23:13:57.839158
230,454,40.75455731000000000000,-73.96592975999999000000,E 51 St & 1 Ave,"",2013-07-10 23:13:57.853183,2013-07-10 23:13:57.853183
231,455,40.75001986000000000000,-73.96905301000000000000,1 Ave & E 44 St,"",2013-07-10 23:13:57.904049,2013-07-10 23:13:57.904049
232,456,40.75971080000000000000,-73.97402311000000000000,E 53 St & Madison Ave,"",2013-07-10 23:13:57.915327,2013-07-10 23:13:57.915327
233,457,40.76695317000000000000,-73.98169333000000000000,Broadway & W 57 St,"",2013-07-10 23:13:57.927259,2013-07-10 23:13:57.927259
234,458,40.74806176000000000000,-74.00723188000001000000,W 22 St & 11 Ave,"",2013-07-10 23:13:57.938846,2013-07-10 23:13:57.938846
235,459,40.74522724000000000000,-74.00797904000000000000,W 18 St & 11 Ave,"",2013-07-10 23:13:57.952229,2013-07-10 23:13:57.952229
236,460,40.71285887000000000000,-73.96590294000001000000,S 4 St & Wythe Ave,"",2013-07-10 23:13:57.983347,2013-07-10 23:13:57.983347
237,461,40.73587678000000000000,-73.98205027000000000000,E 20 St & 2 Ave,"",2013-07-10 23:13:57.995313,2013-07-10 23:13:57.995313
238,462,40.74691959000000000000,-74.00451887000000000000,W 22 St & 10 Ave,"",2013-07-10 23:13:58.00644,2013-07-10 23:13:58.00644
239,463,40.74206539000000000000,-74.00443172000000000000,9 Ave & W 16 St,"",2013-07-10 23:13:58.039738,2013-07-10 23:13:58.039738
240,464,40.75934501000000000000,-73.96759673000000000000,E 56 St & 3 Ave,"",2013-07-10 23:13:58.052425,2013-07-10 23:13:58.052425
241,465,40.75513557000000000000,-73.98658032000000000000,Broadway & W 41 St,"",2013-07-10 23:13:58.063733,2013-07-10 23:13:58.063733
242,466,40.74395411000000000000,-73.99144871000000000000,W 25 St & 6 Ave,"",2013-07-10 23:13:58.074392,2013-07-10 23:13:58.074392
243,467,40.68312489000000000000,-73.97895137000000000000,Dean St & 4 Ave,"",2013-07-10 23:13:58.10145,2013-07-10 23:13:58.10145
244,468,40.76526540000000000000,-73.98192338000000000000,Broadway & W 55 St,"",2013-07-10 23:13:58.112551,2013-07-10 23:13:58.112551
245,469,40.76344058000000000000,-73.98268129000000000000,Broadway & W 53 St,"",2013-07-10 23:13:58.128344,2013-07-10 23:13:58.128344
246,470,40.74345335000000000000,-74.00004031000000000000,W 20 St & 8 Ave,"",2013-07-10 23:13:58.139104,2013-07-10 23:13:58.139104
247,471,40.71286844000000000000,-73.95698118999999000000,Grand St & Havemeyer St,"",2013-07-10 23:13:58.150317,2013-07-10 23:13:58.150317
248,472,40.74571210000000000000,-73.98194829000001000000,E 32 St & Park Av,"",2013-07-10 23:13:58.160924,2013-07-10 23:13:58.160924
249,473,40.72110063000000000000,-73.99192540000000000000,Rivington St & Chrystie St,"",2013-07-10 23:13:58.172606,2013-07-10 23:13:58.172606
250,474,40.74516770000000000000,-73.98683077000000000000,5 Ave & E 29 St,"",2013-07-10 23:13:58.183346,2013-07-10 23:13:58.183346
251,475,40.73524276000000000000,-73.98758561000000000000,E 16 St & Irving Pl,"",2013-07-10 23:13:58.194042,2013-07-10 23:13:58.194042
252,476,40.74394314000000000000,-73.97966069000000000000,E 31 St & 3 Ave,"",2013-07-10 23:13:58.207774,2013-07-10 23:13:58.207774
253,477,40.75640548000000000000,-73.99002620000000000000,W 41 St & 8 Ave,"",2013-07-10 23:13:58.218359,2013-07-10 23:13:58.218359
254,478,40.76030096000000000000,-73.99884222000000000000,11 Ave & W 41 St,"",2013-07-10 23:13:58.22931,2013-07-10 23:13:58.22931
255,479,40.76019252000000000000,-73.99125510000000000000,9 Ave & W 45 St,"",2013-07-10 23:13:58.240769,2013-07-10 23:13:58.240769
256,480,40.76669671000000000000,-73.99061728000000000000,W 53 St & 10 Ave,"",2013-07-10 23:13:58.272195,2013-07-10 23:13:58.272195
257,481,40.71260486000000000000,-73.96264403000001000000,S 3 St & Bedford Ave,"",2013-07-10 23:13:58.284188,2013-07-10 23:13:58.284188
258,482,40.73935542000000000000,-73.99931783000000000000,W 15 St & 7 Ave,"",2013-07-10 23:13:58.295363,2013-07-10 23:13:58.295363
259,483,40.73223272000000000000,-73.98889957000000000000,E 12 St & 3 Ave,"",2013-07-10 23:13:58.327129,2013-07-10 23:13:58.327129
260,484,40.75500254000000000000,-73.98014437000000000000,W 44 St & 5 Ave,"",2013-07-10 23:13:58.339364,2013-07-10 23:13:58.339364
261,485,40.75038009000000000000,-73.98338988000000000000,W 37 St & 5 Ave,"",2013-07-10 23:13:58.350642,2013-07-10 23:13:58.350642
262,486,40.74620090000000000000,-73.98855723000000000000,Broadway & W 29 St,"",2013-07-10 23:13:58.361686,2013-07-10 23:13:58.361686
263,487,40.73314259000000000000,-73.97573881000000000000,E 20 St & FDR Drive,"",2013-07-10 23:13:58.391004,2013-07-10 23:13:58.391004
264,488,40.75645824000000000000,-73.99372222000000000000,W 39 St & 9 Ave,"",2013-07-10 23:13:58.401971,2013-07-10 23:13:58.401971
265,489,40.75066386000000000000,-74.00176802000000000000,10 Ave & W 28 St,"",2013-07-10 23:13:58.412769,2013-07-10 23:13:58.412769
266,490,40.75157500000000000000,-73.99419000000000000000,W 33 St & 8 Ave,"",2013-07-10 23:13:58.423229,2013-07-10 23:13:58.423229
267,491,40.74096374000000000000,-73.98602212999999000000,E 24 St & Park Ave S,"",2013-07-10 23:13:58.433815,2013-07-10 23:13:58.433815
268,492,40.75019995000000000000,-73.99093085000000000000,W 33 St & 7 Ave,"",2013-07-10 23:13:58.444595,2013-07-10 23:13:58.444595
269,493,40.75680010000000000000,-73.98291153000000000000,W 45 St & 6 Ave,"",2013-07-10 23:13:58.455544,2013-07-10 23:13:58.455544
270,494,40.74734825000000000000,-73.99723551000000000000,W 26 St & 8 Ave,"",2013-07-10 23:13:58.466353,2013-07-10 23:13:58.466353
271,495,40.76269882000000000000,-73.99301222000000000000,W 47 St & 10 Ave,"",2013-07-10 23:13:58.476974,2013-07-10 23:13:58.476974
272,496,40.73726186000000000000,-73.99238966999999000000,E 16 St & 5 Ave,"",2013-07-10 23:13:58.487532,2013-07-10 23:13:58.487532
273,497,40.73704984000000000000,-73.99009296000000000000,E 17 St & Broadway,"",2013-07-10 23:13:58.4982,2013-07-10 23:13:58.4982
274,498,40.74854862000000000000,-73.98808416000000000000,Broadway & W 32 St,"",2013-07-10 23:13:58.512525,2013-07-10 23:13:58.512525
275,499,40.76915505000000000000,-73.98191841000001000000,Broadway & W 60 St,"",2013-07-10 23:13:58.523255,2013-07-10 23:13:58.523255
276,500,40.76228826000000000000,-73.98336183000001000000,Broadway & W 51 St,"",2013-07-10 23:13:58.555541,2013-07-10 23:13:58.555541
277,501,40.74421900000000000000,-73.97121214000001000000,FDR Drive & E 35 St,"",2013-07-10 23:13:58.567061,2013-07-10 23:13:58.567061
278,503,40.73827428000000000000,-73.98751968000001000000,E 20 St & Park Ave,"",2013-07-10 23:13:58.578017,2013-07-10 23:13:58.578017
279,504,40.73221853000000000000,-73.98165557000000000000,1 Ave & E 15 St,"",2013-07-10 23:13:58.588864,2013-07-10 23:13:58.588864
280,505,40.74901271000000000000,-73.98848395000000000000,6 Ave & W 33 St,"",2013-07-10 23:13:58.640963,2013-07-10 23:13:58.640963
281,507,40.73912601000000000000,-73.97973776000001000000,E 25 St & 2 Ave,"",2013-07-10 23:13:58.675992,2013-07-10 23:13:58.675992
282,508,40.76341379000000000000,-73.99667444000001000000,W 46 St & 11 Ave,"",2013-07-10 23:13:58.690747,2013-07-10 23:13:58.690747
283,509,40.74549730000000000000,-74.00197138999999000000,9 Ave & W 22 St,"",2013-07-10 23:13:58.704465,2013-07-10 23:13:58.704465
284,510,40.76065970000000000000,-73.98042047000000000000,W 51 St & 6 Ave,"",2013-07-10 23:13:58.717985,2013-07-10 23:13:58.717985
285,511,40.72938685000000000000,-73.97772429000000000000,E 14 St & Avenue B,"",2013-07-10 23:13:58.73268,2013-07-10 23:13:58.73268
286,512,40.75007270000000000000,-73.99839279000000000000,W 29 St & 9 Ave,"",2013-07-10 23:13:58.748757,2013-07-10 23:13:58.748757
287,513,40.76825400000000000000,-73.98863900000001000000,W 56 St & 10 Ave,"",2013-07-10 23:13:58.763559,2013-07-10 23:13:58.763559
288,514,40.76087502000000000000,-74.00277668000000000000,12 Ave & W 40 St,"",2013-07-10 23:13:58.777189,2013-07-10 23:13:58.777189
289,515,40.76009437000000000000,-73.99461843000000000000,W 43 St & 10 Ave,"",2013-07-10 23:13:58.792392,2013-07-10 23:13:58.792392
290,516,40.75206862000000000000,-73.96784384000000000000,E 47 St & 1 Ave,"",2013-07-10 23:13:58.805929,2013-07-10 23:13:58.805929
291,517,40.75149263000000000000,-73.97798847999999000000,Pershing Square S,"",2013-07-10 23:13:58.837012,2013-07-10 23:13:58.837012
292,518,40.74780373000000000000,-73.97344190000000000000,E 39 St & 2 Ave,"",2013-07-10 23:13:58.850235,2013-07-10 23:13:58.850235
293,519,40.75188406000000000000,-73.97770164000001000000,Pershing Square N,"",2013-07-10 23:13:58.88818,2013-07-10 23:13:58.88818
294,520,40.75992262000000000000,-73.97648516000000000000,W 52 St & 5 Ave,"",2013-07-10 23:13:58.902646,2013-07-10 23:13:58.902646
295,521,40.75044999000000000000,-73.99481050999999000000,8 Ave & W 31 St,"",2013-07-10 23:13:58.935434,2013-07-10 23:13:58.935434
296,522,40.75714758000000000000,-73.97207836000000000000,E 51 St & Lexington Ave,"",2013-07-10 23:13:58.948748,2013-07-10 23:13:58.948748
297,523,40.75466591000000000000,-73.99138152000000000000,W 38 St & 8 Ave,"",2013-07-10 23:13:58.983827,2013-07-10 23:13:58.983827
298,524,40.75527307000000000000,-73.98316936000001000000,W 43 St & 6 Ave,"",2013-07-10 23:13:58.996322,2013-07-10 23:13:58.996322
299,525,40.75594159000000000000,-74.00211630000000000000,W 34 St & 11 Ave,"",2013-07-10 23:13:59.008864,2013-07-10 23:13:59.008864
300,526,40.74765947000000000000,-73.98490707000001000000,E 33 St & 5 Ave,"",2013-07-10 23:13:59.038976,2013-07-10 23:13:59.038976
301,527,40.74315566000000000000,-73.97434726000000000000,E 33 St & 1 Ave,"",2013-07-10 23:13:59.052481,2013-07-10 23:13:59.052481
302,528,40.74290902000000000000,-73.97706058000000000000,2 Ave & E 30 St,"",2013-07-10 23:13:59.088315,2013-07-10 23:13:59.088315
303,529,40.75756990000000000000,-73.99098506999999000000,W 42 St & 8 Ave,"",2013-07-10 23:13:59.101628,2013-07-10 23:13:59.101628
304,530,40.77152200000000000000,-73.99054099999999000000,11 Av & 59 St,"",2013-07-10 23:13:59.115122,2013-07-10 23:13:59.115122
305,531,40.71893904000000000000,-73.99266288000000000000,Forsyth St & Broome St,"",2013-07-10 23:13:59.128292,2013-07-10 23:13:59.128292
306,532,40.71045100000000000000,-73.96087600000000000000,S 5 Pl & S 4 St,"",2013-07-10 23:13:59.14399,2013-07-10 23:13:59.14399
307,533,40.75299641000000000000,-73.98721619000000000000,Broadway & W 39 St,"",2013-07-10 23:13:59.160007,2013-07-10 23:13:59.160007
308,534,40.70255065000000000000,-74.01272340000000000000,Water - Whitehall Plaza,"",2013-07-10 23:13:59.174321,2013-07-10 23:13:59.174321
309,536,40.74144387000000000000,-73.97536082000001000000,1 Ave & E 30 St,"",2013-07-10 23:13:59.188379,2013-07-10 23:13:59.188379
310,537,40.74025878000000000000,-73.98409214000000000000,Lexington Ave & E 24 St,"",2013-07-10 23:13:59.200599,2013-07-10 23:13:59.200599
311,538,40.75795248000000000000,-73.97787642000000000000,W 49 St & 5 Ave,"",2013-07-10 23:13:59.213834,2013-07-10 23:13:59.213834
312,539,40.71534825000000000000,-73.96024116000000000000,Metropolitan Ave & Bedford Ave,"",2013-07-10 23:13:59.241388,2013-07-10 23:13:59.241388
313,540,40.74147286000000000000,-73.98320928000000000000,Lexington Ave & E 26 St,"",2013-07-10 23:13:59.253752,2013-07-10 23:13:59.253752
314,545,40.73650200000000000000,-73.97809472000000000000,E 23 St & 1 Ave,"",2013-07-10 23:13:59.266256,2013-07-10 23:13:59.266256
315,546,40.74444921000000000000,-73.98303529000000000000,E 30 St & Park Ave S,"",2013-07-10 23:13:59.295991,2013-07-10 23:13:59.295991
316,2000,40.70255088000000000000,-73.98940236000000000000,Front St & Washington St,"",2013-07-10 23:13:59.313178,2013-07-10 23:13:59.313178
317,2001,40.69892054000000000000,-73.97332996000000000000,7th Ave & Farragut St,"",2013-07-10 23:13:59.32691,2013-07-10 23:13:59.32691
318,2002,40.71688700000000000000,-73.96319800000001000000,Wythe Ave & Metropolitan Ave,"",2013-07-10 23:13:59.340154,2013-07-10 23:13:59.340154
319,2003,40.73416059000000000000,-73.98024289000000000000,1 Ave & 18 St,"",2013-07-10 23:13:59.356557,2013-07-10 23:13:59.356557
320,2004,40.72550020000000000000,-74.00445139000000000000,Spring St & 6 Ave,"",2013-07-10 23:13:59.372033,2013-07-10 23:13:59.372033
321,2005,40.70531194000000000000,-73.97100055999999000000,Railroad Ave & Kay Ave,"",2013-07-10 23:13:59.386789,2013-07-10 23:13:59.386789
322,2006,40.76590936000000000000,-73.97634151000000000000,Central Park S & 6 Ave,"",2013-07-10 23:13:59.399773,2013-07-10 23:13:59.399773
323,2017,40.75022392000000000000,-73.97121414000000000000,E 43 St & 2 Ave,"",2013-07-10 23:13:59.414789,2013-07-10 23:13:59.414789
324,2021,40.75929124000000000000,-73.98859650999999000000,W 45 St & 8 Ave,"",2013-07-10 23:13:59.484053,2013-07-10 23:13:59.484053
325,2023,40.75968085000000000000,-73.97031366000000000000,E 55 St & Lexington Ave,"",2013-07-12 01:50:07.280066,2013-07-12 01:50:07.280066
326,3002,40.71151200000000000000,-74.01575600000000000000,South End Av & Liberty St,"",2013-07-12 14:10:07.174832,2013-07-13 01:30:08.325755
327,2009,40.71117444000000000000,-73.99682618999999000000,Catherine St & Monroe St,"",2013-07-14 18:20:06.64809,2013-07-14 18:20:06.64809
328,2010,40.72165481000000000000,-74.00234737000000000000,Grand St & Greene St,"",2013-07-14 18:20:06.695657,2013-07-14 18:20:06.695657
329,2022,40.75849116000000000000,-73.95920622000000000000,E 59 St & Sutton Pl,"",2013-07-23 14:30:07.889041,2013-07-23 14:30:07.889041
330,502,40.71462200000000000000,-73.98329300000000000000,E Broadway & Grand St,"",2013-07-31 23:20:06.796801,2013-07-31 23:20:06.796801
331,2012,40.74009800000000000000,-73.97633300000000000000,E 27 St & 1 Ave,"",2013-08-14 01:40:07.630147,2013-08-14 01:40:07.630147
332,2008,40.70569254000000000000,-74.01677685000000000000,Little West St & 1 Pl,"",2013-08-14 22:40:06.998622,2013-08-14 22:40:06.998622
333,3012,0.00000000000000000000,0.00000000000000000000,NYCBS SSP Tech Office,"",2013-09-03 23:20:07.158721,2013-09-03 23:20:07.158721
334,3016,40.74525500000000000000,-73.99835200000000000000,W 23 & 8 Ave,"",2013-10-04 14:40:06.983267,2013-10-04 14:40:06.983267
335,3014,40.74119200000000000000,-73.98658000000000000000,E 24 & Park Ave (Summer Streets 8/9),"",2014-08-06 19:40:07.944788,2014-08-06 19:40:07.944788
336,3028,40.64660230000000000000,-74.01596309999999000000,NYCBS 2.0.4 Test No Pwr Mgmt,"",2014-10-21 21:10:06.955876,2014-10-21 21:10:06.955876
337,3041,40.67890679000000000000,-73.94142771000000000000,Kingston Ave & Herkimer St,"",2015-09-30 02:50:12.506625,2015-09-30 02:50:12.506625
338,3042,40.67942680000000000000,-73.92989110000001000000,Fulton St & Utica Ave,"",2015-09-30 02:50:13.449526,2015-09-30 02:50:13.449526
339,3043,40.68145980000000000000,-73.93490300000001000000,Lewis Ave & Decatur St,"",2015-09-30 02:50:13.570782,2015-09-30 02:50:13.570782
340,3044,40.68001050000000000000,-73.93847500000000000000,Albany Ave & Fulton St,"",2015-09-30 02:50:13.698081,2015-09-30 02:50:13.698081
341,3046,40.68260100000000000000,-73.93803699999999000000,Marcus Garvey Blvd & Macon St,"",2015-09-30 02:50:13.817913,2015-09-30 02:50:13.817913
342,3047,40.68236870000000000000,-73.94411800000000000000,Halsey St & Tompkins Ave,"",2015-09-30 02:50:13.929867,2015-09-30 02:50:13.929867
343,3048,40.68402000000000000000,-73.94977000000000000000,Putnam Ave & Nostrand Ave,"",2015-09-30 02:50:14.129721,2015-09-30 02:50:14.129721
344,3049,40.68488000000000000000,-73.96304000000001000000,Cambridge Pl & Gates Ave,"",2015-09-30 02:50:14.251536,2015-09-30 02:50:14.251536
345,3050,40.68515320000000000000,-73.94110999999999000000,Putnam Ave & Throop Ave,"",2015-09-30 02:50:14.394629,2015-09-30 02:50:14.394629
346,3051,40.68668000000000000000,-73.94732999999999000000,Gates Ave & Marcy Ave,"",2015-09-30 02:50:14.546127,2015-09-30 02:50:14.546127
347,3052,40.68631200000000000000,-73.93577500000001000000,Lewis Ave & Madison St,"",2015-09-30 02:50:14.65757,2015-09-30 02:50:14.65757
348,3053,40.69008150000000000000,-73.94791499999999000000,Marcy Ave & Lafayette Ave,"",2015-09-30 02:50:14.799311,2015-09-30 02:50:14.799311
349,3054,40.68949320000000000000,-73.94206100000000000000,Greene Ave & Throop Ave,"",2015-09-30 02:50:14.933332,2015-09-30 02:50:14.933332
350,3055,40.68833370000000000000,-73.95091600000001000000,Greene Ave & Nostrand Ave,"",2015-09-30 02:50:15.107432,2015-09-30 02:50:15.107432
351,3056,40.69072549000000000000,-73.95133465000001000000,Kosciuszko St & Nostrand Ave,"",2015-09-30 02:50:15.24268,2015-09-30 02:50:15.24268
352,3057,40.69128258000000000000,-73.94524160000000000000,Kosciuszko St & Tompkins Ave,"",2015-09-30 02:50:15.383187,2015-09-30 02:50:15.383187
353,3058,40.69237074000000000000,-73.93705428000000000000,Lewis Ave & Kosciuszko St,"",2015-09-30 02:50:15.540183,2015-09-30 02:50:15.540183
354,3059,40.69339820000000000000,-73.93987700000000000000,Pulaski St & Marcus Garvey Blvd,"",2015-09-30 02:50:15.672587,2015-09-30 02:50:15.672587
355,3060,40.69425403000000000000,-73.94626915000001000000,Willoughby Ave & Tompkins Ave,"",2015-09-30 02:50:15.805354,2015-09-30 02:50:15.805354
356,3061,40.69622937000000000000,-73.94371094000000000000,Throop Ave & Myrtle Ave,"",2015-09-30 02:50:15.930231,2015-09-30 02:50:15.930231
357,3062,40.69539817000000000000,-73.94954908000000000000,Myrtle Ave & Marcy Ave,"",2015-09-30 02:50:16.106315,2015-09-30 02:50:16.106315
358,3063,40.69527008000000000000,-73.95238107999999000000,Nostrand Ave & Myrtle Ave,"",2015-09-30 02:50:16.248173,2015-09-30 02:50:16.248173
359,3064,40.69681963000000000000,-73.93756926000000000000,Myrtle Ave & Lewis Ave,"",2015-09-30 02:50:16.394514,2015-09-30 02:50:16.394514
360,3065,40.70029511000000000000,-73.95032283000000000000,Union Ave & Wallabout St,"",2015-09-30 02:50:16.51045,2015-09-30 02:50:16.51045
361,3066,40.69957608000000000000,-73.94708417000000000000,Tompkins Ave & Hopkins St,"",2015-09-30 02:50:16.647434,2015-09-30 02:50:16.647434
362,3067,40.70166570000000000000,-73.94373030000000000000,Broadway & Whipple St,"",2015-09-30 02:50:16.765624,2015-09-30 02:50:16.765624
363,3068,40.70317240000000000000,-73.94063600000000000000,Humboldt St & Varet St,"",2015-09-30 02:50:16.885063,2015-09-30 02:50:16.885063
364,3069,40.70411791000000000000,-73.94818595000000000000,Lorimer St & Broadway,"",2015-09-30 02:50:17.041787,2015-09-30 02:50:17.041787
365,3070,40.70510918000000000000,-73.94407279000001000000,McKibbin St & Manhattan Ave,"",2015-09-30 02:50:17.164121,2015-09-30 02:50:17.164121
366,3071,40.70538077000000000000,-73.94976518999999000000,Boerum St & Broadway,"",2015-09-30 02:50:17.281385,2015-09-30 02:50:17.281385
367,3072,40.70583339000000000000,-73.94644578000000000000,Leonard St & Boerum St,"",2015-09-30 02:50:17.401315,2015-09-30 02:50:17.401315
368,3073,40.70691254000000000000,-73.95441667000000000000,Division Ave & Hooper St,"",2015-09-30 02:50:17.543995,2015-09-30 02:50:17.543995
369,3074,40.70767788000000000000,-73.94016171000000000000,Montrose Ave & Bushwick Ave,"",2015-09-30 02:50:17.708573,2015-09-30 02:50:17.708573
370,3075,40.70708701000000000000,-73.95796783000000000000,Division Ave & Marcy Ave,"",2015-09-30 02:50:17.840206,2015-09-30 02:50:17.840206
371,3076,40.70870368000000000000,-73.94486250000000000000,Scholes St & Manhattan Ave,"",2015-09-30 02:50:17.97334,2015-09-30 02:50:17.97334
372,3077,40.70877084000000000000,-73.95095259000000000000,Stagg St & Union Ave,"",2015-09-30 02:50:18.100815,2015-09-30 02:50:18.100815
373,3078,40.70925562000000000000,-73.95982218000000000000,Broadway & Roebling St,"",2015-09-30 02:50:18.234394,2015-09-30 02:50:18.234394
374,3079,40.71103537000000000000,-73.94714303000001000000,Leonard St & Grand St,"",2015-09-30 02:50:18.358192,2015-09-30 02:50:18.358192
375,3080,40.70934000000000000000,-73.95608000000000000000,S 4 St & Rodney St,"",2015-09-30 02:50:18.495606,2015-09-30 02:50:18.495606
376,3081,40.71186300000000000000,-73.94402400000000000000,Graham Ave & Grand St,"",2015-09-30 02:50:18.67498,2015-09-30 02:50:18.67498
377,3082,40.71167351000000000000,-73.95141312000000000000,Hope St & Union Ave,"",2015-09-30 02:50:18.827119,2015-09-30 02:50:18.827119
378,3083,40.71247661000000000000,-73.94100005000000000000,Bushwick Ave & Powers St,"",2015-09-30 02:50:18.973526,2015-09-30 02:50:18.973526
379,3084,40.71348658000000000000,-73.94792458000001000000,Devoe St & Leonard St,"",2015-09-30 02:50:19.096213,2015-09-30 02:50:19.096213
380,3085,40.71469000000000000000,-73.95739000000000000000,Roebling St & N 4 St,"",2015-09-30 02:50:19.218216,2015-09-30 02:50:19.218216
381,3086,40.71514300000000000000,-73.94450700000000000000,Graham Ave & Conselyea St,"",2015-09-30 02:50:19.39206,2015-09-30 02:50:19.39206
382,3087,40.71413311000000000000,-73.95234386000000000000,Metropolitan Ave & Meeker Ave,"",2015-09-30 02:50:19.520063,2015-09-30 02:50:19.520063
383,3088,40.71607510000000000000,-73.95202900000000000000,Union Ave & Jackson St,"",2015-09-30 02:50:19.650538,2015-09-30 02:50:19.650538
384,3089,40.71680271000000000000,-73.94824171000000000000,Leonard St & Withers St,"",2015-09-30 02:50:19.776167,2015-09-30 02:50:19.776167
385,3090,40.71774592000000000000,-73.95600096000000000000,N 8 St & Driggs Ave,"",2015-09-30 02:50:19.931086,2015-09-30 02:50:19.931086
386,3091,40.71764000000000000000,-73.94882000000000000000,Frost St & Meeker St,"",2015-09-30 02:50:20.07296,2015-09-30 02:50:20.07296
387,3092,40.71900950000000000000,-73.95852515000000000000,Berry St & N 8 St,"",2015-09-30 02:50:20.194186,2015-09-30 02:50:20.194186
388,3093,40.71745169000000000000,-73.95850939000000000000,N 6 St & Bedford Ave,"",2015-09-30 02:50:20.356886,2015-09-30 02:50:20.356886
389,3094,40.71698110000000000000,-73.94485917999999000000,Graham Ave & Withers St,"",2015-09-30 02:50:20.504784,2015-09-30 02:50:20.504784
390,3095,40.71929301000000000000,-73.94500379000000000000,Graham Ave & Herbert St,"",2015-09-30 02:50:20.645249,2015-09-30 02:50:20.645249
391,3096,40.71924000000000000000,-73.95242000000000000000,Union Ave & N 12 St,"",2015-09-30 02:50:20.810008,2015-09-30 02:50:20.810008
392,3097,40.71921585000000000000,-73.94244689999999000000,N Henry St & Richardson St,"",2015-09-30 02:50:21.002442,2015-09-30 02:50:21.002442
393,3098,40.71928000000000000000,-73.94861000000000000000,Leonard St & Bayard St,"",2015-09-30 02:50:21.175359,2015-09-30 02:50:21.175359
394,3099,40.72038000000000000000,-73.94768999999999000000,Eckford St & Manhattan Ave,"",2015-09-30 02:50:21.442702,2015-09-30 02:50:21.442702
395,3100,40.72040000000000000000,-73.95016000000000000000,Lorimer St & Bayard St,"",2015-09-30 02:50:21.581132,2015-09-30 02:50:21.581132
396,3101,40.72079821000000000000,-73.95484712000000000000,N 12 St & Bedford Ave,"",2015-09-30 02:50:21.703953,2015-09-30 02:50:21.703953
397,3102,40.72179134000000000000,-73.95041540000000000000,Driggs Ave & Lorimer St,"",2015-09-30 02:50:21.836777,2015-09-30 02:50:21.836777
398,3103,40.72153267000000000000,-73.95782357000000000000,N 11 St & Wythe Ave,"",2015-09-30 02:50:21.956749,2015-09-30 02:50:21.956749
399,3104,40.72057658000000000000,-73.96150225000000000000,Kent Ave & N 7 St,"",2015-09-30 02:50:22.113548,2015-09-30 02:50:22.113548
400,3105,40.72405500000000000000,-73.95573600000000000000,N 15 St & Wythe Ave,"",2015-09-30 02:50:22.251895,2015-09-30 02:50:22.251895
401,3106,40.72325000000000000000,-73.94307999999999000000,Driggs Ave & N Henry St,"",2015-09-30 02:50:22.399408,2015-09-30 02:50:22.399408
402,3107,40.72311651000000000000,-73.95212324000001000000,Bedford Ave & Nassau Ave,"",2015-09-30 02:50:22.534676,2015-09-30 02:50:22.534676
403,3108,40.72557000000000000000,-73.94434000000000000000,Nassau Ave & Russell St,"",2015-09-30 02:50:22.664489,2015-09-30 02:50:22.664489
404,3109,40.72606000000000000000,-73.95621000000000000000,Banker St & Meserole Ave,"",2015-09-30 02:50:22.833158,2015-09-30 02:50:22.833158
405,3110,40.72708584000000000000,-73.95299117000000000000,Meserole Ave & Manhattan Ave,"",2015-09-30 02:50:22.971171,2015-09-30 02:50:22.971171
406,3111,40.72584830000000000000,-73.95064893000000000000,Norman Ave & Leonard St,"",2015-09-30 02:50:23.114138,2015-09-30 02:50:23.114138
407,3112,40.72906000000000000000,-73.95779000000000000000,Milton St & Franklin St,"",2015-09-30 02:50:23.235063,2015-09-30 02:50:23.235063
408,3113,40.73026000000000000000,-73.95394000000000000000,Greenpoint Ave & Manhattan Ave,"",2015-09-30 02:50:23.361262,2015-09-30 02:50:23.361262
409,3114,40.73165141000000000000,-73.96161892000001000000,India St & East River,"",2015-09-30 02:50:23.488773,2015-09-30 02:50:23.488773
410,3115,40.73232194000000000000,-73.95508580000001000000,India St & Manhattan Ave,"",2015-09-30 02:50:23.630255,2015-09-30 02:50:23.630255
411,3116,40.73266000000000000000,-73.95826000000000000000,Huron St & Franklin St,"",2015-09-30 02:50:23.763849,2015-09-30 02:50:23.763849
412,3117,40.73564000000000000000,-73.95865999999999000000,Franklin St & Dupont St,"",2015-09-30 02:50:23.894377,2015-09-30 02:50:23.894377
413,3118,40.73555000000000000000,-73.95283999999999000000,McGuinness Blvd & Eagle St,"",2015-09-30 02:50:24.012675,2015-09-30 02:50:24.012675
414,3119,40.74232744000000000000,-73.95411749000000000000,Vernon Blvd & 50 Ave,"",2015-09-30 02:50:24.144542,2015-09-30 02:50:24.144542
415,3120,40.74161000000000000000,-73.96044000000001000000,Center Blvd& Borden Ave,"",2015-09-30 02:50:24.338832,2015-09-30 02:50:24.338832
416,3121,40.74524768000000000000,-73.94733275999999000000,Jackson Ave & 46 Rd,"",2015-09-30 02:50:24.464272,2015-09-30 02:50:24.464272
417,3123,40.74469738000000000000,-73.93540375000001000000,31 St & Thomson Ave,"",2015-09-30 02:50:24.595287,2015-09-30 02:50:24.595287
418,3124,40.74731000000000000000,-73.95451000000000000000,46 Ave & 5 St,"",2015-09-30 02:50:24.738401,2015-09-30 02:50:24.738401
419,3125,40.74708586000000000000,-73.94977234000000000000,45 Rd & 11 St,"",2015-09-30 02:50:24.862706,2015-09-30 02:50:24.862706
420,3126,40.74718234000000000000,-73.94326350000000000000,44 Dr & Jackson Ave,"",2015-09-30 02:50:24.992138,2015-09-30 02:50:24.992138
421,3127,40.74966000000000000000,-73.95210000000000000000,9 St & 44 Rd,"",2015-09-30 02:50:25.162113,2015-09-30 02:50:25.162113
422,3128,40.75052534000000000000,-73.94594845000000000000,21 St & 43 Ave,"",2015-09-30 02:50:25.324119,2015-09-30 02:50:25.324119
423,3129,40.75110165000000000000,-73.94073717000001000000,Queens Plaza North & Crescent St,"",2015-09-30 02:50:25.471266,2015-09-30 02:50:25.471266
424,3130,40.75325964000000000000,-73.94335787999999000000,21 St & Queens Plaza North,"",2015-09-30 02:50:25.605794,2015-09-30 02:50:25.605794
425,3131,40.76120833000000000000,-73.95748565000000000000,Coming soon: E 63 St & York Ave ,"",2015-09-30 02:50:25.752424,2015-09-30 02:50:25.752424
426,3132,40.76350532000000000000,-73.97109243000000000000,E 59 St & Madison Ave,"",2015-09-30 02:50:25.897912,2015-09-30 02:50:25.897912
427,3134,40.76312584000000000000,-73.96526895000000000000,3 Ave & E 62 St,"",2015-09-30 02:50:26.086397,2015-09-30 02:50:26.086397
428,3135,40.77112927000000000000,-73.95772297000001000000,E 75 St & 3 Ave,"",2015-09-30 02:50:26.210856,2015-09-30 02:50:26.210856
429,3136,40.76650452000000000000,-73.97147595000000000000,5 Ave & E 63 St,"",2015-09-30 02:50:26.335136,2015-09-30 02:50:26.335136
430,3137,40.77282817000000000000,-73.96685275999999000000,5 Ave & E 73 St,"",2015-09-30 02:50:26.45713,2015-09-30 02:50:26.45713
431,3138,40.77383304000000000000,-73.96238658000000000000,Coming soon: E 76 St & Park Ave ,"",2015-09-30 02:50:26.576085,2015-09-30 02:50:26.576085
432,3139,40.77122923000000000000,-73.96432627000000000000,E 72 St & Park Ave,"",2015-09-30 02:50:26.711714,2015-09-30 02:50:26.711714
433,3140,40.77140426000000000000,-73.95351660000000000000,1 Ave & E 78 St,"",2015-09-30 02:50:26.864407,2015-09-30 02:50:26.864407
434,3141,40.76500525000000000000,-73.95818491000000000000,1 Ave & E 68 St,"",2015-09-30 02:50:27.015668,2015-09-30 02:50:27.015668
435,3142,40.76122740000000000000,-73.96094022000000000000,1 Ave & E 62 St,"",2015-09-30 02:50:27.183477,2015-09-30 02:50:27.183477
436,3143,40.77682863440000000000,-73.96388769149800000000,Coming soon: 5 Ave & E 79th St ,"",2015-09-30 02:50:27.321446,2015-09-30 02:50:27.321446
437,3144,40.77677702000000000000,-73.95900970000000000000,E 81 St & Park Ave,"",2015-09-30 02:50:27.451545,2015-09-30 02:50:27.451545
438,3145,40.77862688000000000000,-73.95772073000001000000,E 84 St & Park Ave,"",2015-09-30 02:50:27.637304,2015-09-30 02:50:27.637304
439,3146,40.77573034000000000000,-73.95675260000000000000,E 81 St & 3 Ave,"",2015-09-30 02:50:27.777606,2015-09-30 02:50:27.777606
440,3147,40.77801203000000000000,-73.95407149000000000000,E 85 St & 3 Ave,"",2015-09-30 02:50:27.915002,2015-09-30 02:50:27.915002
441,3148,40.77565541000000000000,-73.95068615000000000000,E 84 St & 1 Ave,"",2015-09-30 02:50:28.04407,2015-09-30 02:50:28.04407
442,3149,40.77517793000000000000,-73.95324922000000000000,E 82 St & 2 Ave,"",2015-09-30 02:50:28.176588,2015-09-30 02:50:28.176588
443,3150,40.77536905000000000000,-73.94803392000000000000,E 85 St & York Ave,"",2015-09-30 02:50:28.308893,2015-09-30 02:50:28.308893
444,3151,40.77283840000000000000,-73.94989233000000000000,Coming soon: E 81 St & York Ave ,"",2015-09-30 02:50:28.43575,2015-09-30 02:50:28.43575
445,3152,40.76873687000000000000,-73.96119945000000000000,Coming soon: 3 Ave & E 71 St,"",2015-09-30 02:50:28.588745,2015-09-30 02:50:28.588745
446,3153,40.76783061000000000000,-73.95894421000000000000,Coming soon: 2 Ave & E 71 St ,"",2015-09-30 02:50:28.708321,2015-09-30 02:50:28.708321
447,3154,40.77314236000000000000,-73.95856157999999000000,Coming soon: E 77 St & 3 Ave,"",2015-09-30 02:50:28.850008,2015-09-30 02:50:28.850008
448,3155,40.76440023000000000000,-73.96648977000000000000,Coming soon: Lexington Ave & E 63 St ,"",2015-09-30 02:50:28.972515,2015-09-30 02:50:28.972515
449,3156,40.76663814000000000000,-73.95348296000000000000,E 72 St & York Ave,"",2015-09-30 02:50:29.136172,2015-09-30 02:50:29.136172
450,3157,40.77518615000000000000,-73.94446053999999000000,Coming soon: East End Ave & E 86 St ,"",2015-09-30 02:50:29.259505,2015-09-30 02:50:29.259505
451,3158,40.77163851000000000000,-73.98261428000001000000,W 63 St & Broadway,"",2015-09-30 02:50:29.381534,2015-09-30 02:50:29.381534
452,3159,40.77492513000000000000,-73.98266566000000000000,W 67 St & Broadway,"",2015-09-30 02:50:29.492268,2015-09-30 02:50:29.492268
453,3160,40.77896784000000000000,-73.97374737000000000000,Central Park West & W 76 St,"",2015-09-30 02:50:29.610997,2015-09-30 02:50:29.610997
454,3161,40.78018397242400000000,-73.97728532552701000000,Coming soon: W 76 St & Columbus Ave ,"",2015-09-30 02:50:29.722741,2015-09-30 02:50:29.722741
455,3162,40.78339981000000000000,-73.98093133000000000000,Coming soon: W 78 St & Broadway ,"",2015-09-30 02:50:29.868403,2015-09-30 02:50:29.868403
456,3163,40.77340660000000000000,-73.97782542000000000000,Central Park West & W 68 St,"",2015-09-30 02:50:30.044642,2015-09-30 02:50:30.044642
457,3164,40.77705750000000000000,-73.97898475000000000000,Columbus Ave & W 72 St,"",2015-09-30 02:50:30.177804,2015-09-30 02:50:30.177804
458,3165,40.77575319000000000000,-73.97603963000000000000,Central Park West & W 72 St,"",2015-09-30 02:50:30.305777,2015-09-30 02:50:30.305777
459,3166,40.78057799010300000000,-73.98562431335399000000,Riverside Dr & W 72 St ,"",2015-09-30 02:50:30.43619,2015-09-30 02:50:30.43619
460,3167,40.77966809007300000000,-73.98093044757800000000,Amsterdam Ave & W 73 St,"",2015-09-30 02:50:30.569525,2015-09-30 02:50:30.569525
461,3168,40.78472675000000000000,-73.96961715000000000000,Coming soon: Central Park West & W 85 St ,"",2015-09-30 02:50:30.735426,2015-09-30 02:50:30.735426
462,3169,40.78720869000000000000,-73.98128127000000000000,Riverside Dr & W 82 St,"",2015-09-30 02:50:30.881347,2015-09-30 02:50:30.881347
463,3170,40.78499979000000000000,-73.97283406000000000000,W 84 St & Columbus Ave,"",2015-09-30 02:50:31.010989,2015-09-30 02:50:31.010989
464,3171,40.78524672000000000000,-73.97667321000000000000,Coming soon: Amsterdam Ave & W 82 St ,"",2015-09-30 02:50:31.14947,2015-09-30 02:50:31.14947
465,3172,40.77856690000000000000,-73.97754961000000000000,W 74 St & Columbus Ave,"",2015-09-30 02:50:31.281761,2015-09-30 02:50:31.281761
466,3173,40.77750702754800000000,-73.98888587951700000000,Coming soon: Riverside Blvd & W 67 St,"",2015-09-30 02:50:31.424269,2015-09-30 02:50:31.424269
467,3175,40.77748046000000000000,-73.98288594000000000000,W 70 St & Amsterdam Ave,"",2015-09-30 02:50:31.565201,2015-09-30 02:50:31.565201
468,3176,40.77452835000000000000,-73.98753759000000000000,W 64 St & West End Ave,"",2015-09-30 02:50:31.709751,2015-09-30 02:50:31.709751
469,3177,40.78679470000000000000,-73.97711200000001000000,W 84 St & Broadway,"",2015-09-30 02:50:31.842661,2015-09-30 02:50:31.842661
470,3178,40.78414472000000000000,-73.98362492000000000000,Riverside Dr & W 78 St,"",2015-09-30 02:50:31.973219,2015-09-30 02:50:31.973219
471,3179,40.69861700000000000000,-73.94134200000001000000,Park Ave & Marcus Garvey Blvd,"",2015-09-30 02:50:32.099499,2015-09-30 02:50:32.099499
472,3180,40.69878000000000000000,-73.99712000000000000000,Brooklyn Bridge Park - Pier 2,"",2015-09-30 02:50:32.232062,2015-09-30 02:50:32.232062
473,3183,40.71624690000000000000,-74.03345880000001000000,Exchange Place,"",2015-09-30 02:50:32.404505,2015-09-30 02:50:32.404505
474,3184,40.71414540000000000000,-74.03355190000001000000,Paulus Hook,"",2015-09-30 02:50:32.532708,2015-09-30 02:50:32.532708
475,3185,40.71773250000000000000,-74.04384500000000000000,City Hall,"",2015-09-30 02:50:32.671615,2015-09-30 02:50:32.671615
476,3186,40.71927890000000000000,-74.04245150000000000000,Grove St PATH,"",2015-09-30 02:50:32.80653,2015-09-30 02:50:32.80653
477,3187,40.72112360000000000000,-74.03805095000000000000,Warren St,"",2015-09-30 02:50:32.938902,2015-09-30 02:50:32.938902
478,3188,40.71010870000000000000,-74.08584890000000000000,NJCU,"",2015-09-30 02:50:33.083674,2015-09-30 02:50:33.083674
479,3189,40.71440200000000000000,-74.08877230000000000000,West Side Light Rail,"",2015-09-30 02:50:33.241586,2015-09-30 02:50:33.241586
480,3190,40.71080440000000000000,-74.07148820000000000000,Garfield Ave Light Rail,"",2015-09-30 02:50:33.376869,2015-09-30 02:50:33.376869
481,3191,40.71821130000000000000,-74.08363940000000000000,Union St,"",2015-09-30 02:50:33.508235,2015-09-30 02:50:33.508235
482,3192,40.71124230000000000000,-74.05570130000000000000,Liberty Light Rail,"",2015-09-30 02:50:33.635647,2015-09-30 02:50:33.635647
483,3193,40.72441880000000000000,-74.07803830000000000000,Lincoln Park,"",2015-09-30 02:50:33.769449,2015-09-30 02:50:33.769449
484,3194,40.72560330000000000000,-74.06762999999999000000,McGinley Square,"",2015-09-30 02:50:33.949962,2015-09-30 02:50:33.949962
485,3195,40.73094590000000000000,-74.06389059999999000000,Sip Ave,"",2015-09-30 02:50:34.107831,2015-09-30 02:50:34.107831
486,3196,40.74431870000000000000,-74.04399090000000000000,Riverview Park,"",2015-09-30 02:50:34.228102,2015-09-30 02:50:34.228102
487,3197,40.75255900000000000000,-74.04472500000000000000,North St,"",2015-09-30 02:50:34.342509,2015-09-30 02:50:34.342509
488,3198,40.74853620000000000000,-74.04031310000001000000,Heights Elevator,"",2015-09-30 02:50:34.481692,2015-09-30 02:50:34.481692
489,3199,40.72874480000000000000,-74.03210820000000000000,Newport Pkwy,"",2015-09-30 02:50:34.600697,2015-09-30 02:50:34.600697
490,3200,40.71113050000000000000,-74.07888550000000000000,MLK Light Rail,"",2015-09-30 02:50:34.718405,2015-09-30 02:50:34.718405
491,3201,40.73771100000000000000,-74.06692099999999000000,Dey St,"",2015-09-30 02:50:34.893379,2015-09-30 02:50:34.893379
492,3202,40.72722350000000000000,-74.03375890000000000000,Newport PATH,"",2015-09-30 02:50:35.016664,2015-09-30 02:50:35.016664
493,3203,40.72759596600000000000,-74.04424731100001000000,Hamilton Park,"",2015-09-30 02:50:35.164193,2015-09-30 02:50:35.164193
494,3205,40.71652710000000000000,-74.04942500000000000000,JC Medical Center,"",2015-09-30 02:50:35.295135,2015-09-30 02:50:35.295135
495,3206,40.73116890000000000000,-74.05757360000000000000,Hilltop,"",2015-09-30 02:50:35.431743,2015-09-30 02:50:35.431743
496,3207,40.73760370000000000000,-74.05247830000000000000,Oakland Ave,"",2015-09-30 02:50:35.603084,2015-09-30 02:50:35.603084
497,3209,40.72417650000000000000,-74.05065639999999000000,Brunswick St,"",2015-09-30 02:50:35.737201,2015-09-30 02:50:35.737201
498,3210,40.74267714100000000000,-74.05178863300000000000,Pershing Field,"",2015-09-30 02:50:35.860005,2015-09-30 02:50:35.860005
499,3211,40.72152515000000000000,-74.04630454300001000000,Newark Ave,"",2015-09-30 02:50:35.990867,2015-09-30 02:50:35.990867
500,3212,40.73478581800000000000,-74.05044363600000000000,Christ Hospital,"",2015-09-30 02:50:36.11288,2015-09-30 02:50:36.11288
501,3213,40.71848892000000000000,-74.04772662500000000000,Van Vorst Park,"",2015-09-30 02:50:36.240793,2015-09-30 02:50:36.240793
502,3214,40.71277420000000000000,-74.03648570000000000000,Essex Light Rail,"",2015-09-30 02:50:36.368751,2015-09-30 02:50:36.368751
503,3215,40.74672990000000000000,-74.04925090000000000000,Central Ave,"",2015-09-30 02:50:36.560766,2015-09-30 02:50:36.560766
504,3216,40.69702990000000000000,-74.09693660000001000000,Columbia Park,"",2015-09-30 02:50:36.689299,2015-09-30 02:50:36.689299
505,3217,40.69865054400000000000,-74.08207967800000000000,Bayside Park,"",2015-09-30 02:50:36.816204,2015-09-30 02:50:36.816204
506,3220,40.73553110000000000000,-74.06336500000000000000,5 Corners Library,"",2015-09-30 02:50:36.936027,2015-09-30 02:50:36.936027
507,3221,40.74300000000000000000,-73.93561000000000000000,47 Ave & 31 St,"",2015-09-30 02:50:37.075384,2015-09-30 02:50:37.075384
508,3222,40.68515959989200000000,-73.97711366415000000000,Hanson Pl & St Felix St,"",2015-09-30 02:50:37.242678,2015-09-30 02:50:37.242678
509,3223,40.75899655960500000000,-73.96865397691700000000,E 55 St & 3 Ave,"",2015-09-30 02:50:37.369364,2015-09-30 02:50:37.369364
510,3224,40.73997354103400000000,-74.00513872504200000000,W 13 St & Hudson St,"",2015-09-30 02:50:37.501128,2015-09-30 02:50:37.501128
511,3225,40.72365890000000000000,-74.06419430000000000000,Baldwin at Montgomery,"",2015-09-30 02:50:37.652079,2015-09-30 02:50:37.652079
512,3226,40.78275000000000000000,-73.97136999999999000000,W 82 St & Central Park West,"",2015-09-30 02:50:37.788547,2015-09-30 02:50:37.788547
513,3229,40.68061768455500000000,-73.94624948501600000000,Marcy Ave & MacDonough St,"",2015-09-30 02:50:37.934046,2015-09-30 02:50:37.934046
514,3230,40.75128359696200000000,-73.99692445993399000000,Penn Station Valet,"",2015-09-30 02:50:38.069646,2015-09-30 02:50:38.069646
515,3231,40.76780080148100000000,-73.96592080593101000000,E 67 St & Park Ave,"",2015-09-30 02:50:38.260282,2015-09-30 02:50:38.260282
516,3232,40.68962188790300000000,-73.98304268717800000000,Bond St & Fulton St,"",2015-09-30 02:50:38.406518,2015-09-30 02:50:38.406518
517,3122,40.74436328706700000000,-73.95587325096101000000,48 Ave & 5th St,"",2015-10-06 17:10:07.63473,2015-10-06 17:10:07.63473
518,3234,0.00000000000000000000,0.00000000000000000000,E 40 St & Madison Ave,"",2015-10-06 21:00:07.670262,2015-10-06 21:00:07.670262
519,3233,40.75724567911700000000,-73.97805914282800000000,E 48 St & 5 Ave,"",2015-10-12 00:10:08.173356,2015-10-12 00:10:08.173356
520,3235,40.75216528062200000000,-73.97992193698900000000,E 41 St & Madison Ave,"",2015-10-16 13:00:08.377869,2015-10-16 13:00:08.377869
521,3237,40.75383343437600000000,-73.94267678260800000000,21 St & 41 Ave,"",2015-10-30 08:10:09.537366,2015-10-30 08:10:09.537366
522,3236,40.75898481399600000000,-73.99379968643200000000,PABT Valet,"",2015-11-02 11:00:09.119522,2015-11-02 11:00:09.119522
